mac_address,device,identifier,bluetooth_id
00:00:01:00:80:16,008016,<16800001 0000>,200
00:00:08:00:00:03,800003,<03000008 0000>,200
00:00:08:00:00:0F,80000F,<0f000008 0000>,200
00:00:08:00:00:01,800001,<01000008 0000>,200
00:00:08:00:00:02,800002,<02000008 0000>,200
00:00:08:00:00:04,800004,<04000008 0000>,200
00:00:08:00:00:05,800005,<05000008 0000>,200
00:00:08:00:00:06,800006,<06000008 0000>,200
00:00:08:00:00:07,800007,<07000008 0000>,200
00:00:08:00:00:08,800008,<08000008 0000>,200
00:00:08:00:00:09,800009,<09000008 0000>,200
00:00:08:00:00:10,800010,<10000008 0000>,200
00:00:08:00:00:11,800011,<11000008 0000>,200
00:00:08:00:00:12,800012,<12000008 0000>,200
00:00:08:00:00:13,800013,<13000008 0000>,200
00:00:08:00:00:14,800014,<14000008 0000>,200
00:00:08:00:00:15,800015,<15000008 0000>,200
00:00:08:00:00:0A,80000A,<0a000008 0000>,200
00:00:08:00:00:0B,80000B,<0b000008 0000>,200
00:00:08:00:00:0C,80000C,<0c000008 0000>,200
00:00:08:00:00:0D,80000D,<0d000008 0000>,200
00:00:08:00:00:0E,80000E,<0e000008 0000>,200
00:00:08:00:00:64,8000064,<64000008 0000>,200
00:00:08:00:00:65,8000065,<65000008 0000>,200
00:00:08:00:00:66,8000066,<66000008 0000>,200
00:00:08:00:00:67,8000067,<67000008 0000>,200
00:00:08:00:00:68,8000068,<68000008 0000>,200
00:00:08:00:00:69,8000069,<69000008 0000>,200
00:00:08:00:00:6A,800006A,<6a000008 0000>,200
00:00:08:00:00:6B,800006B,<6b000008 0000>,200
00:00:08:00:00:6C,800006C,<6c000008 0000>,200
00:00:08:00:00:6D,800006D,<6d000008 0000>,200
00:00:08:00:00:6E,800006E,<6e000008 0000>,200
00:00:08:00:00:6F,800006F,<6f000008 0000>,200
00:00:08:00:00:70,8000070,<70000008 0000>,200
00:00:08:00:00:71,8000071,<71000008 0000>,200
00:00:08:00:00:72,8000072,<72000008 0000>,200
00:00:08:00:00:73,8000073,<73000008 0000>,200
00:00:08:00:00:74,8000074,<74000008 0000>,200
00:00:08:00:00:75,8000075,<75000008 0000>,200
00:00:08:00:00:76,8000076,<76000008 0000>,200
00:00:08:00:00:77,8000077,<77000008 0000>,200
00:00:08:00:00:78,8000078,<78000008 0000>,200
00:00:08:00:00:79,8000079,<79000008 0000>,200
00:00:08:00:00:7A,800007A,<7a000008 0000>,200
00:00:08:00:00:7B,800007B,<7b000008 0000>,200
00:00:08:00:00:7C,800007C,<7c000008 0000>,200
00:00:08:00:00:7D,800007D,<7d000008 0000>,200
00:00:08:00:00:7E,800007E,<7e000008 0000>,200
00:00:08:00:00:7F,800007F,<7f000008 0000>,200
00:00:08:00:00:80,8000080,<80000008 0000>,200
00:00:08:00:00:81,8000081,<81000008 0000>,200
00:00:08:00:00:82,8000082,<82000008 0000>,200
00:00:08:00:00:83,8000083,<83000008 0000>,200
00:00:08:00:00:84,8000084,<84000008 0000>,200
00:00:08:00:00:85,8000085,<85000008 0000>,200
00:00:08:00:00:86,8000086,<86000008 0000>,200
00:00:08:00:00:87,8000087,<87000008 0000>,200
00:00:08:00:00:88,8000088,<88000008 0000>,200
00:00:08:00:00:89,8000089,<89000008 0000>,200
00:00:08:00:00:8A,800008A,<8a000008 0000>,200
00:00:08:00:00:8B,800008B,<8b000008 0000>,200
00:00:08:00:00:8C,800008C,<8c000008 0000>,200
00:00:08:00:00:8D,800008D,<8d000008 0000>,200
00:00:08:00:00:8E,800008E,<8e000008 0000>,200
00:00:08:00:00:8F,800008F,<8f000008 0000>,200
00:00:08:00:00:90,8000090,<90000008 0000>,200
00:00:08:00:00:91,8000091,<91000008 0000>,200
00:00:08:00:00:92,8000092,<92000008 0000>,200
00:00:08:00:00:93,8000093,<93000008 0000>,200
00:00:08:00:00:94,8000094,<94000008 0000>,200
00:00:08:00:00:95,8000095,<95000008 0000>,200
00:00:08:00:00:96,8000096,<96000008 0000>,200
00:00:08:00:00:97,8000097,<97000008 0000>,200
00:00:08:00:00:98,8000098,<98000008 0000>,200
00:00:08:00:00:99,8000099,<99000008 0000>,200
00:00:08:00:00:9A,800009A,<9a000008 0000>,200
00:00:08:00:00:9B,800009B,<9b000008 0000>,200
00:00:08:00:00:9C,800009C,<9c000008 0000>,200
00:00:08:00:00:9D,800009D,<9d000008 0000>,200
00:00:08:00:00:9E,800009E,<9e000008 0000>,200
00:00:08:00:00:9F,800009F,<9f000008 0000>,200
00:00:08:00:00:A0,80000A0,<a0000008 0000>,200
00:00:08:00:00:A1,80000A1,<a1000008 0000>,200
00:00:08:00:00:A2,80000A2,<a2000008 0000>,200
00:00:08:00:00:A3,80000A3,<a3000008 0000>,200
00:00:08:00:00:A4,80000A4,<a4000008 0000>,200
00:00:08:00:00:A5,80000A5,<a5000008 0000>,200
00:00:08:00:00:A6,80000A6,<a6000008 0000>,200
00:00:08:00:00:A7,80000A7,<a7000008 0000>,200
00:00:08:00:00:A8,80000A8,<a8000008 0000>,200
00:00:08:00:00:A9,80000A9,<a9000008 0000>,200
00:00:08:00:00:AA,80000AA,<aa000008 0000>,200
00:00:08:00:00:AB,80000AB,<ab000008 0000>,200
00:00:08:00:00:AC,80000AC,<ac000008 0000>,200
00:00:08:00:00:AD,80000AD,<ad000008 0000>,200
00:00:08:00:00:AE,80000AE,<ae000008 0000>,200
00:00:08:00:00:AF,80000AF,<af000008 0000>,200
00:00:08:00:00:B0,80000B0,<b0000008 0000>,200
00:00:08:00:00:B1,80000B1,<b1000008 0000>,200
00:00:08:00:00:B2,80000B2,<b2000008 0000>,200
00:00:08:00:00:B3,80000B3,<b3000008 0000>,200
00:00:08:00:00:B4,80000B4,<b4000008 0000>,200
00:00:08:00:00:B5,80000B5,<b5000008 0000>,200
00:00:08:00:00:B6,80000B6,<b6000008 0000>,200
00:00:08:00:00:B7,80000B7,<b7000008 0000>,200
00:00:08:00:00:B8,80000B8,<b8000008 0000>,200
00:00:08:00:00:B9,80000B9,<b9000008 0000>,200
00:00:08:00:00:BA,80000BA,<ba000008 0000>,200
00:00:08:00:00:BB,80000BB,<bb000008 0000>,200
00:00:08:00:00:BC,80000BC,<bc000008 0000>,200
00:00:08:00:00:BD,80000BD,<bd000008 0000>,200
00:00:08:00:00:BE,80000BE,<be000008 0000>,200
00:00:08:00:00:BF,80000BF,<bf000008 0000>,200
00:00:08:00:00:C0,80000C0,<c0000008 0000>,200
00:00:08:00:00:C1,80000C1,<c1000008 0000>,200
00:00:08:00:00:C2,80000C2,<c2000008 0000>,200
00:00:08:00:00:C3,80000C3,<c3000008 0000>,200
00:00:08:00:00:C4,80000C4,<c4000008 0000>,200
00:00:08:00:00:C5,80000C5,<c5000008 0000>,200
00:00:08:00:00:C6,80000C6,<c6000008 0000>,200
00:00:08:00:00:C7,80000C7,<c7000008 0000>,200
00:00:08:00:00:C8,80000C8,<c8000008 0000>,200
00:00:08:00:00:C9,80000C9,<c9000008 0000>,200
00:00:08:00:00:CA,80000CA,<ca000008 0000>,200
00:00:08:00:00:CB,80000CB,<cb000008 0000>,200
00:00:08:00:00:CC,80000CC,<cc000008 0000>,200
00:00:08:00:00:CD,80000CD,<cd000008 0000>,200
00:00:08:00:00:CE,80000CE,<ce000008 0000>,200
00:00:08:00:00:CF,80000CF,<cf000008 0000>,200
00:00:08:00:00:D0,80000D0,<d0000008 0000>,200
00:00:08:00:00:D1,80000D1,<d1000008 0000>,200
00:00:08:00:00:D2,80000D2,<d2000008 0000>,200
00:00:08:00:00:D3,80000D3,<d3000008 0000>,200
00:00:08:00:00:D4,80000D4,<d4000008 0000>,200
00:00:08:00:00:D5,80000D5,<d5000008 0000>,200
00:00:08:00:00:D6,80000D6,<d6000008 0000>,200
00:00:08:00:00:D7,80000D7,<d7000008 0000>,200
00:00:08:00:00:D8,80000D8,<d8000008 0000>,200
00:00:08:00:00:D9,80000D9,<d9000008 0000>,200
00:00:08:00:00:DA,80000DA,<da000008 0000>,200
00:00:08:00:00:DB,80000DB,<db000008 0000>,200
00:00:08:00:00:DC,80000DC,<dc000008 0000>,200
00:00:08:00:00:DD,80000DD,<dd000008 0000>,200
00:00:08:00:00:DE,80000DE,<de000008 0000>,200
00:00:08:00:00:DF,80000DF,<df000008 0000>,200
00:00:08:00:00:E0,80000E0,<e0000008 0000>,200
00:00:08:00:00:E1,80000E1,<e1000008 0000>,200
00:00:08:00:00:E2,80000E2,<e2000008 0000>,200
00:00:08:00:00:E3,80000E3,<e3000008 0000>,200
00:00:08:00:00:E4,80000E4,<e4000008 0000>,200
00:00:08:00:00:E5,80000E5,<e5000008 0000>,200
00:00:08:00:00:E6,80000E6,<e6000008 0000>,200
00:00:08:00:00:E7,80000E7,<e7000008 0000>,200
00:00:08:00:00:E8,80000E8,<e8000008 0000>,200
00:00:08:00:00:E9,80000E9,<e9000008 0000>,200
00:00:08:00:00:EA,80000EA,<ea000008 0000>,200
00:00:08:00:00:EB,80000EB,<eb000008 0000>,200
00:00:08:00:00:EC,80000EC,<ec000008 0000>,200
00:00:08:00:00:ED,80000ED,<ed000008 0000>,200
00:00:08:00:00:EE,80000EE,<ee000008 0000>,200
00:00:08:00:00:EF,80000EF,<ef000008 0000>,200
00:00:08:00:00:F0,80000F0,<f0000008 0000>,200
00:00:08:00:00:F1,80000F1,<f1000008 0000>,200
00:00:08:00:00:F2,80000F2,<f2000008 0000>,200
00:00:08:00:00:F3,80000F3,<f3000008 0000>,200
00:00:08:00:00:F4,80000F4,<f4000008 0000>,200
00:00:08:00:00:F5,80000F5,<f5000008 0000>,200
00:00:08:00:00:F6,80000F6,<f6000008 0000>,200
00:00:08:00:00:F7,80000F7,<f7000008 0000>,200
00:00:08:00:00:F8,80000F8,<f8000008 0000>,200
00:00:08:00:00:F9,80000F9,<f9000008 0000>,200
00:00:08:00:00:FA,80000FA,<fa000008 0000>,200
00:00:08:00:00:FB,80000FB,<fb000008 0000>,200
00:00:08:00:00:FC,80000FC,<fc000008 0000>,200
00:00:08:00:00:FD,80000FD,<fd000008 0000>,200
00:00:08:00:00:FE,80000FE,<fe000008 0000>,200
00:00:08:00:00:FF,80000FF,<ff000008 0000>,200
00:00:08:00:01:00,8000100,<00010008 0000>,200
00:00:08:00:01:01,8000101,<01010008 0000>,200
00:00:08:00:01:02,8000102,<02010008 0000>,200
00:00:08:00:01:03,8000103,<03010008 0000>,200
00:00:08:00:01:04,8000104,<04010008 0000>,200
00:00:08:00:01:05,8000105,<05010008 0000>,200
00:00:08:00:01:06,8000106,<06010008 0000>,200
00:00:08:00:01:07,8000107,<07010008 0000>,200
00:00:08:00:01:08,8000108,<08010008 0000>,200
00:00:08:00:01:09,8000109,<09010008 0000>,200
00:00:08:00:01:0A,800010A,<0a010008 0000>,200
00:00:08:00:01:0B,800010B,<0b010008 0000>,200
00:00:08:00:01:0C,800010C,<0c010008 0000>,200
00:00:08:00:01:0D,800010D,<0d010008 0000>,200
00:00:08:00:01:0E,800010E,<0e010008 0000>,200
00:00:08:00:01:0F,800010F,<0f010008 0000>,200
00:00:08:00:01:10,8000110,<10010008 0000>,200
00:00:08:00:01:11,8000111,<11010008 0000>,200
00:00:08:00:01:12,8000112,<12010008 0000>,200
00:00:08:00:01:13,8000113,<13010008 0000>,200
00:00:08:00:01:14,8000114,<14010008 0000>,200
00:00:08:00:01:15,8000115,<15010008 0000>,200
00:00:08:00:01:16,8000116,<16010008 0000>,200
00:00:08:00:01:17,8000117,<17010008 0000>,200
00:00:08:00:01:18,8000118,<18010008 0000>,200
00:00:08:00:01:19,8000119,<19010008 0000>,200
00:00:08:00:01:1A,800011A,<1a010008 0000>,200
00:00:08:00:01:1B,800011B,<1b010008 0000>,200
00:00:08:00:01:1C,800011C,<1c010008 0000>,200
00:00:08:00:01:1D,800011D,<1d010008 0000>,200
00:00:08:00:01:1E,800011E,<1e010008 0000>,200
00:00:08:00:01:1F,800011F,<1f010008 0000>,200
00:00:08:00:01:20,8000120,<20010008 0000>,200
00:00:08:00:01:21,8000121,<21010008 0000>,200
00:00:08:00:01:22,8000122,<22010008 0000>,200
00:00:08:00:01:23,8000123,<23010008 0000>,200
00:00:08:00:01:24,8000124,<24010008 0000>,200
00:00:08:00:01:25,8000125,<25010008 0000>,200
00:00:08:00:01:26,8000126,<26010008 0000>,200
00:00:08:00:01:27,8000127,<27010008 0000>,200
00:00:08:00:01:28,8000128,<28010008 0000>,200
00:00:08:00:01:29,8000129,<29010008 0000>,200
00:00:08:00:01:2A,800012A,<2a010008 0000>,200
00:00:08:00:01:2B,800012B,<2b010008 0000>,200
00:00:08:00:01:2C,800012C,<2c010008 0000>,200
00:00:08:00:01:2D,800012D,<2d010008 0000>,200
00:00:08:00:01:2E,800012E,<2e010008 0000>,200
00:00:08:00:01:2F,800012F,<2f010008 0000>,200
00:00:08:00:01:30,8000130,<30010008 0000>,200
00:00:08:00:01:31,8000131,<31010008 0000>,200
00:00:08:00:01:32,8000132,<32010008 0000>,200
00:00:08:00:01:33,8000133,<33010008 0000>,200
00:00:08:00:01:34,8000134,<34010008 0000>,200
00:00:08:00:01:35,8000135,<35010008 0000>,200
00:00:08:00:01:36,8000136,<36010008 0000>,200
00:00:08:00:01:37,8000137,<37010008 0000>,200
00:00:08:00:01:38,8000138,<38010008 0000>,200
00:00:08:00:01:39,8000139,<39010008 0000>,200
00:00:08:00:01:3A,800013A,<3a010008 0000>,200
00:00:08:00:01:3B,800013B,<3b010008 0000>,200
00:00:08:00:01:3C,800013C,<3c010008 0000>,200
00:00:08:00:01:3D,800013D,<3d010008 0000>,200
00:00:08:00:01:3E,800013E,<3e010008 0000>,200
00:00:08:00:01:3F,800013F,<3f010008 0000>,200
00:00:08:00:01:40,8000140,<40010008 0000>,200
00:00:08:00:01:41,8000141,<41010008 0000>,200
00:00:08:00:01:42,8000142,<42010008 0000>,200
00:00:08:00:01:43,8000143,<43010008 0000>,200
00:00:08:00:01:44,8000144,<44010008 0000>,200
00:00:08:00:01:45,8000145,<45010008 0000>,200
00:00:08:00:01:46,8000146,<46010008 0000>,200
00:00:08:00:01:47,8000147,<47010008 0000>,200
00:00:08:00:01:48,8000148,<48010008 0000>,200
00:00:08:00:01:49,8000149,<49010008 0000>,200
00:00:08:00:01:4A,800014A,<4a010008 0000>,200
00:00:08:00:01:4B,800014B,<4b010008 0000>,200
00:00:08:00:01:4C,800014C,<4c010008 0000>,200
00:00:08:00:01:4D,800014D,<4d010008 0000>,200
00:00:08:00:01:4E,800014E,<4e010008 0000>,200
00:00:08:00:01:4F,800014F,<4f010008 0000>,200
00:00:08:00:01:50,8000150,<50010008 0000>,200
00:00:08:00:01:51,8000151,<51010008 0000>,200
00:00:08:00:01:52,8000152,<52010008 0000>,200
00:00:08:00:01:53,8000153,<53010008 0000>,200
00:00:08:00:01:54,8000154,<54010008 0000>,200
00:00:08:00:01:55,8000155,<55010008 0000>,200
00:00:08:00:01:56,8000156,<56010008 0000>,200
00:00:08:00:01:57,8000157,<57010008 0000>,200
00:00:08:00:01:58,8000158,<58010008 0000>,200
00:00:08:00:01:59,8000159,<59010008 0000>,200
00:00:08:00:01:5A,800015A,<5a010008 0000>,200
00:00:08:00:01:5B,800015B,<5b010008 0000>,200
00:00:08:00:01:5C,800015C,<5c010008 0000>,200
00:00:08:00:01:5D,800015D,<5d010008 0000>,200
00:00:08:00:01:5E,800015E,<5e010008 0000>,200
00:00:08:00:01:5F,800015F,<5f010008 0000>,200
00:00:08:00:01:60,8000160,<60010008 0000>,200
00:00:08:00:01:61,8000161,<61010008 0000>,200
00:00:08:00:01:62,8000162,<62010008 0000>,200
00:00:08:00:01:63,8000163,<63010008 0000>,200
00:00:08:00:01:64,8000164,<64010008 0000>,200
00:00:08:00:01:65,8000165,<65010008 0000>,200
00:00:08:00:01:66,8000166,<66010008 0000>,200
00:00:08:00:01:67,8000167,<67010008 0000>,200
00:00:08:00:01:68,8000168,<68010008 0000>,200
00:00:08:00:01:69,8000169,<69010008 0000>,200
00:00:08:00:01:6A,800016A,<6a010008 0000>,200
00:00:08:00:01:6B,800016B,<6b010008 0000>,200
00:00:08:00:01:6C,800016C,<6c010008 0000>,200
00:00:08:00:01:6D,800016D,<6d010008 0000>,200
00:00:08:00:01:6E,800016E,<6e010008 0000>,200
00:00:08:00:01:6F,800016F,<6f010008 0000>,200
00:00:08:00:01:70,8000170,<70010008 0000>,200
00:00:08:00:01:71,8000171,<71010008 0000>,200
00:00:08:00:01:72,8000172,<72010008 0000>,200
00:00:08:00:01:73,8000173,<73010008 0000>,200
00:00:08:00:01:74,8000174,<74010008 0000>,200
00:00:08:00:01:75,8000175,<75010008 0000>,200
00:00:08:00:01:76,8000176,<76010008 0000>,200
00:00:08:00:01:77,8000177,<77010008 0000>,200
00:00:08:00:01:78,8000178,<78010008 0000>,200
00:00:08:00:01:79,8000179,<79010008 0000>,200
00:00:08:00:01:7A,800017A,<7a010008 0000>,200
00:00:08:00:01:7B,800017B,<7b010008 0000>,200
00:00:08:00:01:7C,800017C,<7c010008 0000>,200
00:00:08:00:01:7D,800017D,<7d010008 0000>,200
00:00:08:00:01:7E,800017E,<7e010008 0000>,200
00:00:08:00:01:7F,800017F,<7f010008 0000>,200
00:00:08:00:01:80,8000180,<80010008 0000>,200
00:00:08:00:01:81,8000181,<81010008 0000>,200
00:00:08:00:01:82,8000182,<82010008 0000>,200
00:00:08:00:01:83,8000183,<83010008 0000>,200
00:00:08:00:01:84,8000184,<84010008 0000>,200
00:00:08:00:01:85,8000185,<85010008 0000>,200
00:00:08:00:01:86,8000186,<86010008 0000>,200
00:00:08:00:01:87,8000187,<87010008 0000>,200
00:00:08:00:01:88,8000188,<88010008 0000>,200
00:00:08:00:01:89,8000189,<89010008 0000>,200
00:00:08:00:01:8A,800018A,<8a010008 0000>,200
00:00:08:00:01:8B,800018B,<8b010008 0000>,200
00:00:08:00:01:8C,800018C,<8c010008 0000>,200
00:00:08:00:01:8D,800018D,<8d010008 0000>,200
00:00:08:00:01:8E,800018E,<8e010008 0000>,200
00:00:08:00:01:8F,800018F,<8f010008 0000>,200
00:00:08:00:01:90,8000190,<90010008 0000>,200
00:00:08:00:01:91,8000191,<91010008 0000>,200
00:00:08:00:01:92,8000192,<92010008 0000>,200
00:00:08:00:01:93,8000193,<93010008 0000>,200
00:00:08:00:01:94,8000194,<94010008 0000>,200
00:00:08:00:01:95,8000195,<95010008 0000>,200
00:00:08:00:01:96,8000196,<96010008 0000>,200
00:00:08:00:01:97,8000197,<97010008 0000>,200
00:00:08:00:01:98,8000198,<98010008 0000>,200
00:00:08:00:01:99,8000199,<99010008 0000>,200
00:00:08:00:01:9A,800019A,<9a010008 0000>,200
00:00:08:00:01:9B,800019B,<9b010008 0000>,200
00:00:08:00:01:9C,800019C,<9c010008 0000>,200
00:00:08:00:01:9D,800019D,<9d010008 0000>,200
00:00:08:00:01:9E,800019E,<9e010008 0000>,200
00:00:08:00:01:9F,800019F,<9f010008 0000>,200
00:00:08:00:01:A0,80001A0,<a0010008 0000>,200
00:00:08:00:01:A1,80001A1,<a1010008 0000>,200
00:00:08:00:01:A2,80001A2,<a2010008 0000>,200
00:00:08:00:01:A3,80001A3,<a3010008 0000>,200
00:00:08:00:01:A4,80001A4,<a4010008 0000>,200
00:00:08:00:01:A5,80001A5,<a5010008 0000>,200
00:00:08:00:01:A6,80001A6,<a6010008 0000>,200
00:00:08:00:01:A7,80001A7,<a7010008 0000>,200
00:00:08:00:01:A8,80001A8,<a8010008 0000>,200
00:00:08:00:01:A9,80001A9,<a9010008 0000>,200
00:00:08:00:01:AA,80001AA,<aa010008 0000>,200
00:00:08:00:01:AB,80001AB,<ab010008 0000>,200
00:00:08:00:01:AC,80001AC,<ac010008 0000>,200
00:00:08:00:01:AD,80001AD,<ad010008 0000>,200
00:00:08:00:01:AE,80001AE,<ae010008 0000>,200
00:00:08:00:01:AF,80001AF,<af010008 0000>,200
00:00:08:00:01:B0,80001B0,<b0010008 0000>,200
00:00:08:00:01:B1,80001B1,<b1010008 0000>,200
00:00:08:00:01:B2,80001B2,<b2010008 0000>,200
00:00:08:00:01:B3,80001B3,<b3010008 0000>,200
00:00:08:00:01:B4,80001B4,<b4010008 0000>,200
00:00:08:00:01:B5,80001B5,<b5010008 0000>,200
00:00:08:00:01:B6,80001B6,<b6010008 0000>,200
00:00:08:00:01:B7,80001B7,<b7010008 0000>,200
00:00:08:00:01:B8,80001B8,<b8010008 0000>,200
00:00:08:00:01:B9,80001B9,<b9010008 0000>,200
00:00:08:00:01:BA,80001BA,<ba010008 0000>,200
00:00:08:00:01:BB,80001BB,<bb010008 0000>,200
00:00:08:00:01:BC,80001BC,<bc010008 0000>,200
00:00:08:00:01:BD,80001BD,<bd010008 0000>,200
00:00:08:00:01:BE,80001BE,<be010008 0000>,200
00:00:08:00:01:BF,80001BF,<bf010008 0000>,200
00:00:08:00:01:C0,80001C0,<c0010008 0000>,200
00:00:08:00:01:C1,80001C1,<c1010008 0000>,200
00:00:08:00:01:C2,80001C2,<c2010008 0000>,200
00:00:08:00:01:C3,80001C3,<c3010008 0000>,200
00:00:08:00:01:C4,80001C4,<c4010008 0000>,200
00:00:08:00:01:C5,80001C5,<c5010008 0000>,200
00:00:08:00:01:C6,80001C6,<c6010008 0000>,200
00:00:08:00:01:C7,80001C7,<c7010008 0000>,200
00:00:08:00:01:C8,80001C8,<c8010008 0000>,200
00:00:08:00:01:C9,80001C9,<c9010008 0000>,200
00:00:08:00:01:CA,80001CA,<ca010008 0000>,200
00:00:08:00:01:CB,80001CB,<cb010008 0000>,200
00:00:08:00:01:CC,80001CC,<cc010008 0000>,200
00:00:08:00:01:CD,80001CD,<cd010008 0000>,200
00:00:08:00:01:CE,80001CE,<ce010008 0000>,200
00:00:08:00:01:CF,80001CF,<cf010008 0000>,200
00:00:08:00:01:D0,80001D0,<d0010008 0000>,200
00:00:08:00:01:D1,80001D1,<d1010008 0000>,200
00:00:08:00:01:D2,80001D2,<d2010008 0000>,200
00:00:08:00:01:D3,80001D3,<d3010008 0000>,200
00:00:08:00:01:D4,80001D4,<d4010008 0000>,200
00:00:08:00:01:D5,80001D5,<d5010008 0000>,200
00:00:08:00:01:D6,80001D6,<d6010008 0000>,200
00:00:08:00:01:D7,80001D7,<d7010008 0000>,200
00:00:08:00:01:D8,80001D8,<d8010008 0000>,200
00:00:08:00:01:D9,80001D9,<d9010008 0000>,200
00:00:08:00:01:DA,80001DA,<da010008 0000>,200
00:00:08:00:01:DB,80001DB,<db010008 0000>,200
00:00:08:00:01:DC,80001DC,<dc010008 0000>,200
00:00:08:00:01:DD,80001DD,<dd010008 0000>,200
00:00:08:00:01:DE,80001DE,<de010008 0000>,200
00:00:08:00:01:DF,80001DF,<df010008 0000>,200
00:00:08:00:01:E0,80001E0,<e0010008 0000>,200
00:00:08:00:01:E1,80001E1,<e1010008 0000>,200
00:00:08:00:01:E2,80001E2,<e2010008 0000>,200
00:00:08:00:01:E3,80001E3,<e3010008 0000>,200
00:00:08:00:01:E4,80001E4,<e4010008 0000>,200
00:00:08:00:01:E5,80001E5,<e5010008 0000>,200
00:00:08:00:01:E6,80001E6,<e6010008 0000>,200
00:00:08:00:01:E7,80001E7,<e7010008 0000>,200
00:00:08:00:01:E8,80001E8,<e8010008 0000>,200
00:00:08:00:01:E9,80001E9,<e9010008 0000>,200
00:00:08:00:01:EA,80001EA,<ea010008 0000>,200
00:00:08:00:01:EB,80001EB,<eb010008 0000>,200
00:00:08:00:01:EC,80001EC,<ec010008 0000>,200
00:00:08:00:01:ED,80001ED,<ed010008 0000>,200
00:00:08:00:01:EE,80001EE,<ee010008 0000>,200
00:00:08:00:01:EF,80001EF,<ef010008 0000>,200
00:00:08:00:01:F0,80001F0,<f0010008 0000>,200
00:00:08:00:01:F1,80001F1,<f1010008 0000>,200
00:00:08:00:01:F2,80001F2,<f2010008 0000>,200
00:00:08:00:01:F3,80001F3,<f3010008 0000>,200
00:00:08:00:01:F4,80001F4,<f4010008 0000>,200
00:00:08:00:01:F5,80001F5,<f5010008 0000>,200
00:00:08:00:01:F6,80001F6,<f6010008 0000>,200
00:00:08:00:01:F7,80001F7,<f7010008 0000>,200
00:00:08:00:01:F8,80001F8,<f8010008 0000>,200
00:00:08:00:01:F9,80001F9,<f9010008 0000>,200
00:00:08:00:01:FA,80001FA,<fa010008 0000>,200
00:00:08:00:01:FB,80001FB,<fb010008 0000>,200
00:00:08:00:01:FC,80001FC,<fc010008 0000>,200
00:00:08:00:01:FD,80001FD,<fd010008 0000>,200
00:00:08:00:01:FE,80001FE,<fe010008 0000>,200
00:00:08:00:01:FF,80001FF,<ff010008 0000>,200
00:00:08:00:02:00,8000200,<00020008 0000>,200
00:00:08:00:02:01,8000201,<01020008 0000>,200
00:00:08:00:02:02,8000202,<02020008 0000>,200
00:00:08:00:02:03,8000203,<03020008 0000>,200
00:00:08:00:02:04,8000204,<04020008 0000>,200
00:00:08:00:02:05,8000205,<05020008 0000>,200
00:00:08:00:02:06,8000206,<06020008 0000>,200
00:00:08:00:02:07,8000207,<07020008 0000>,200
00:00:08:00:02:08,8000208,<08020008 0000>,200
00:00:08:00:02:09,8000209,<09020008 0000>,200
00:00:08:00:02:0A,800020A,<0a020008 0000>,200
00:00:08:00:02:0B,800020B,<0b020008 0000>,200
00:00:08:00:02:0C,800020C,<0c020008 0000>,200
00:00:08:00:02:0D,800020D,<0d020008 0000>,200
00:00:08:00:02:0E,800020E,<0e020008 0000>,200
00:00:08:00:02:0F,800020F,<0f020008 0000>,200
00:00:08:00:02:10,8000210,<10020008 0000>,200
00:00:08:00:02:11,8000211,<11020008 0000>,200
00:00:08:00:02:12,8000212,<12020008 0000>,200
00:00:08:00:02:13,8000213,<13020008 0000>,200
00:00:08:00:02:14,8000214,<14020008 0000>,200
00:00:08:00:02:15,8000215,<15020008 0000>,200
00:00:08:00:02:16,8000216,<16020008 0000>,200
00:00:08:00:02:17,8000217,<17020008 0000>,200
00:00:08:00:02:18,8000218,<18020008 0000>,200
00:00:08:00:02:19,8000219,<19020008 0000>,200
00:00:08:00:02:1A,800021A,<1a020008 0000>,200
00:00:08:00:02:1B,800021B,<1b020008 0000>,200
00:00:08:00:02:1C,800021C,<1c020008 0000>,200
00:00:08:00:02:1D,800021D,<1d020008 0000>,200
00:00:08:00:02:1E,800021E,<1e020008 0000>,200
00:00:08:00:02:1F,800021F,<1f020008 0000>,200
00:00:08:00:02:20,8000220,<20020008 0000>,200
00:00:08:00:02:21,8000221,<21020008 0000>,200
00:00:08:00:02:22,8000222,<22020008 0000>,200
00:00:08:00:02:23,8000223,<23020008 0000>,200
00:00:08:00:02:24,8000224,<24020008 0000>,200
00:00:08:00:02:25,8000225,<25020008 0000>,200
00:00:08:00:02:26,8000226,<26020008 0000>,200
00:00:08:00:02:27,8000227,<27020008 0000>,200
00:00:08:00:02:28,8000228,<28020008 0000>,200
00:00:08:00:02:29,8000229,<29020008 0000>,200
00:00:08:00:02:2A,800022A,<2a020008 0000>,200
00:00:08:00:02:2B,800022B,<2b020008 0000>,200
00:00:08:00:02:2C,800022C,<2c020008 0000>,200
00:00:08:00:02:2D,800022D,<2d020008 0000>,200
00:00:08:00:02:2E,800022E,<2e020008 0000>,200
00:00:08:00:02:2F,800022F,<2f020008 0000>,200
00:00:08:00:02:30,8000230,<30020008 0000>,200
00:00:08:00:02:31,8000231,<31020008 0000>,200
00:00:08:00:02:32,8000232,<32020008 0000>,200
00:00:08:00:02:33,8000233,<33020008 0000>,200
00:00:08:00:02:34,8000234,<34020008 0000>,200
00:00:08:00:02:35,8000235,<35020008 0000>,200
00:00:08:00:02:36,8000236,<36020008 0000>,200
00:00:08:00:02:37,8000237,<37020008 0000>,200
00:00:08:00:02:38,8000238,<38020008 0000>,200
00:00:08:00:02:39,8000239,<39020008 0000>,200
00:00:08:00:02:3A,800023A,<3a020008 0000>,200
00:00:08:00:02:3B,800023B,<3b020008 0000>,200
00:00:08:00:02:3C,800023C,<3c020008 0000>,200
00:00:08:00:02:3D,800023D,<3d020008 0000>,200
00:00:08:00:02:3E,800023E,<3e020008 0000>,200
00:00:08:00:02:3F,800023F,<3f020008 0000>,200
00:00:08:00:02:40,8000240,<40020008 0000>,200
00:00:08:00:02:41,8000241,<41020008 0000>,200
00:00:08:00:02:42,8000242,<42020008 0000>,200
00:00:08:00:02:43,8000243,<43020008 0000>,200
00:00:08:00:02:44,8000244,<44020008 0000>,200
00:00:08:00:02:45,8000245,<45020008 0000>,200
00:00:08:00:02:46,8000246,<46020008 0000>,200
00:00:08:00:02:47,8000247,<47020008 0000>,200
00:00:08:00:02:48,8000248,<48020008 0000>,200
00:00:08:00:02:49,8000249,<49020008 0000>,200
00:00:08:00:02:4A,800024A,<4a020008 0000>,200
00:00:08:00:02:4B,800024B,<4b020008 0000>,200
00:00:08:00:02:4C,800024C,<4c020008 0000>,200
00:00:08:00:02:4D,800024D,<4d020008 0000>,200
00:00:08:00:02:4E,800024E,<4e020008 0000>,200
00:00:08:00:02:4F,800024F,<4f020008 0000>,200
00:00:08:00:02:50,8000250,<50020008 0000>,200
00:00:08:00:02:51,8000251,<51020008 0000>,200
00:00:08:00:02:52,8000252,<52020008 0000>,200
00:00:08:00:02:53,8000253,<53020008 0000>,200
00:00:08:00:02:54,8000254,<54020008 0000>,200
00:00:08:00:02:55,8000255,<55020008 0000>,200
00:00:08:00:02:56,8000256,<56020008 0000>,200
00:00:08:00:02:57,8000257,<57020008 0000>,200
00:00:08:00:02:58,8000258,<58020008 0000>,200
00:00:08:00:02:59,8000259,<59020008 0000>,200
00:00:08:00:02:5A,800025A,<5a020008 0000>,200
00:00:08:00:02:5B,800025B,<5b020008 0000>,200
00:00:08:00:02:5C,800025C,<5c020008 0000>,200
00:00:08:00:02:5D,800025D,<5d020008 0000>,200
00:00:08:00:02:5E,800025E,<5e020008 0000>,200
00:00:08:00:02:5F,800025F,<5f020008 0000>,200
00:00:08:00:02:60,8000260,<60020008 0000>,200
00:00:08:00:02:61,8000261,<61020008 0000>,200
00:00:08:00:02:62,8000262,<62020008 0000>,200
00:00:08:00:02:63,8000263,<63020008 0000>,200
00:00:08:00:02:64,8000264,<64020008 0000>,200
00:00:08:00:02:65,8000265,<65020008 0000>,200
00:00:08:00:02:66,8000266,<66020008 0000>,200
00:00:08:00:02:67,8000267,<67020008 0000>,200
00:00:08:00:02:68,8000268,<68020008 0000>,200
00:00:08:00:02:69,8000269,<69020008 0000>,200
00:00:08:00:02:6A,800026A,<6a020008 0000>,200
00:00:08:00:02:6B,800026B,<6b020008 0000>,200
00:00:08:00:02:6C,800026C,<6c020008 0000>,200
00:00:08:00:02:6D,800026D,<6d020008 0000>,200
00:00:08:00:02:6E,800026E,<6e020008 0000>,200
00:00:08:00:02:6F,800026F,<6f020008 0000>,200
00:00:08:00:02:70,8000270,<70020008 0000>,200
00:00:08:00:02:71,8000271,<71020008 0000>,200
00:00:08:00:02:72,8000272,<72020008 0000>,200
00:00:08:00:02:73,8000273,<73020008 0000>,200
00:00:08:00:02:74,8000274,<74020008 0000>,200
00:00:08:00:02:75,8000275,<75020008 0000>,200
00:00:08:00:02:76,8000276,<76020008 0000>,200
00:00:08:00:02:77,8000277,<77020008 0000>,200
00:00:08:00:02:78,8000278,<78020008 0000>,200
00:00:08:00:02:79,8000279,<79020008 0000>,200
00:00:08:00:02:7A,800027A,<7a020008 0000>,200
00:00:08:00:02:7B,800027B,<7b020008 0000>,200
00:00:08:00:02:7C,800027C,<7c020008 0000>,200
00:00:08:00:02:7D,800027D,<7d020008 0000>,200
00:00:08:00:02:7E,800027E,<7e020008 0000>,200
00:00:08:00:02:7F,800027F,<7f020008 0000>,200
00:00:08:00:02:80,8000280,<80020008 0000>,200
00:00:08:00:02:81,8000281,<81020008 0000>,200
00:00:08:00:02:82,8000282,<82020008 0000>,200
00:00:08:00:02:83,8000283,<83020008 0000>,200
00:00:08:00:02:84,8000284,<84020008 0000>,200
00:00:08:00:02:85,8000285,<85020008 0000>,200
00:00:08:00:02:86,8000286,<86020008 0000>,200
00:00:08:00:02:87,8000287,<87020008 0000>,200
00:00:08:00:02:88,8000288,<88020008 0000>,200
00:00:08:00:02:89,8000289,<89020008 0000>,200
00:00:08:00:02:8A,800028A,<8a020008 0000>,200
00:00:08:00:02:8B,800028B,<8b020008 0000>,200
00:00:08:00:02:8C,800028C,<8c020008 0000>,200
00:00:08:00:02:8D,800028D,<8d020008 0000>,200
00:00:08:00:02:8E,800028E,<8e020008 0000>,200
00:00:08:00:02:8F,800028F,<8f020008 0000>,200
00:00:08:00:02:90,8000290,<90020008 0000>,200
00:00:08:00:02:91,8000291,<91020008 0000>,200
00:00:08:00:02:92,8000292,<92020008 0000>,200
00:00:08:00:02:93,8000293,<93020008 0000>,200
00:00:08:00:02:94,8000294,<94020008 0000>,200
00:00:08:00:02:95,8000295,<95020008 0000>,200
00:00:08:00:02:96,8000296,<96020008 0000>,200
00:00:08:00:02:97,8000297,<97020008 0000>,200
00:00:08:00:02:98,8000298,<98020008 0000>,200
00:00:08:00:02:99,8000299,<99020008 0000>,200
00:00:08:00:02:9A,800029A,<9a020008 0000>,200
00:00:08:00:02:9B,800029B,<9b020008 0000>,200
00:00:08:00:02:9C,800029C,<9c020008 0000>,200
00:00:08:00:02:9D,800029D,<9d020008 0000>,200
00:00:08:00:02:9E,800029E,<9e020008 0000>,200
00:00:08:00:02:9F,800029F,<9f020008 0000>,200
00:00:08:00:02:A0,80002A0,<a0020008 0000>,200
00:00:08:00:02:A1,80002A1,<a1020008 0000>,200
00:00:08:00:02:A2,80002A2,<a2020008 0000>,200
00:00:08:00:02:A3,80002A3,<a3020008 0000>,200
00:00:08:00:02:A4,80002A4,<a4020008 0000>,200
00:00:08:00:02:A5,80002A5,<a5020008 0000>,200
00:00:08:00:02:A6,80002A6,<a6020008 0000>,200
00:00:08:00:02:A7,80002A7,<a7020008 0000>,200
00:00:08:00:02:A8,80002A8,<a8020008 0000>,200
00:00:08:00:02:A9,80002A9,<a9020008 0000>,200
00:00:08:00:02:AA,80002AA,<aa020008 0000>,200
00:00:08:00:02:AB,80002AB,<ab020008 0000>,200
00:00:08:00:02:AC,80002AC,<ac020008 0000>,200
00:00:08:00:02:AD,80002AD,<ad020008 0000>,200
00:00:08:00:02:AE,80002AE,<ae020008 0000>,200
00:00:08:00:02:AF,80002AF,<af020008 0000>,200
00:00:08:00:02:B0,80002B0,<b0020008 0000>,200
00:00:08:00:02:B1,80002B1,<b1020008 0000>,200
00:00:08:00:02:B2,80002B2,<b2020008 0000>,200
00:00:08:00:02:B3,80002B3,<b3020008 0000>,200
00:00:08:00:02:B4,80002B4,<b4020008 0000>,200
00:00:08:00:02:B5,80002B5,<b5020008 0000>,200
00:00:08:00:02:B6,80002B6,<b6020008 0000>,200
00:00:08:00:02:B7,80002B7,<b7020008 0000>,200
00:00:08:00:02:B8,80002B8,<b8020008 0000>,200
00:00:08:00:02:B9,80002B9,<b9020008 0000>,200
00:00:08:00:02:BA,80002BA,<ba020008 0000>,200
00:00:08:00:02:BB,80002BB,<bb020008 0000>,200
00:00:08:00:02:BC,80002BC,<bc020008 0000>,200
00:00:08:00:02:BD,80002BD,<bd020008 0000>,200
00:00:08:00:02:BE,80002BE,<be020008 0000>,200
00:00:08:00:02:BF,80002BF,<bf020008 0000>,200
00:00:08:00:02:C0,80002C0,<c0020008 0000>,200
00:00:08:00:02:C1,80002C1,<c1020008 0000>,200
00:00:08:00:02:C2,80002C2,<c2020008 0000>,200
00:00:08:00:02:C3,80002C3,<c3020008 0000>,200
00:00:08:00:02:C4,80002C4,<c4020008 0000>,200
00:00:08:00:02:C5,80002C5,<c5020008 0000>,200
00:00:08:00:02:C6,80002C6,<c6020008 0000>,200
00:00:08:00:02:C7,80002C7,<c7020008 0000>,200
00:00:08:00:02:C8,80002C8,<c8020008 0000>,200
00:00:08:00:02:C9,80002C9,<c9020008 0000>,200
00:00:08:00:02:CA,80002CA,<ca020008 0000>,200
00:00:08:00:02:CB,80002CB,<cb020008 0000>,200
00:00:08:00:02:CC,80002CC,<cc020008 0000>,200
00:00:08:00:02:CD,80002CD,<cd020008 0000>,200
00:00:08:00:02:CE,80002CE,<ce020008 0000>,200
00:00:08:00:02:CF,80002CF,<cf020008 0000>,200
00:00:08:00:02:D0,80002D0,<d0020008 0000>,200
00:00:08:00:02:D1,80002D1,<d1020008 0000>,200
00:00:08:00:02:D2,80002D2,<d2020008 0000>,200
00:00:08:00:02:D3,80002D3,<d3020008 0000>,200
00:00:08:00:02:D4,80002D4,<d4020008 0000>,200
00:00:08:00:02:D5,80002D5,<d5020008 0000>,200
00:00:08:00:02:D6,80002D6,<d6020008 0000>,200
00:00:08:00:02:D7,80002D7,<d7020008 0000>,200
00:00:08:00:02:D8,80002D8,<d8020008 0000>,200
00:00:08:00:02:D9,80002D9,<d9020008 0000>,200
00:00:08:00:02:DA,80002DA,<da020008 0000>,200
00:00:08:00:02:DB,80002DB,<db020008 0000>,200
00:00:08:00:02:DC,80002DC,<dc020008 0000>,200
00:00:08:00:02:DD,80002DD,<dd020008 0000>,200
00:00:08:00:02:DE,80002DE,<de020008 0000>,200
00:00:08:00:02:DF,80002DF,<df020008 0000>,200
00:00:08:00:02:E0,80002E0,<e0020008 0000>,200
00:00:08:00:02:E1,80002E1,<e1020008 0000>,200
00:00:08:00:02:E2,80002E2,<e2020008 0000>,200
00:00:08:00:02:E3,80002E3,<e3020008 0000>,200
00:00:08:00:02:E4,80002E4,<e4020008 0000>,200
00:00:08:00:02:E5,80002E5,<e5020008 0000>,200
00:00:08:00:02:E6,80002E6,<e6020008 0000>,200
00:00:08:00:02:E7,80002E7,<e7020008 0000>,200
00:00:08:00:02:E8,80002E8,<e8020008 0000>,200
00:00:08:00:02:E9,80002E9,<e9020008 0000>,200
00:00:08:00:02:EA,80002EA,<ea020008 0000>,200
00:00:08:00:02:EB,80002EB,<eb020008 0000>,200
00:00:08:00:02:EC,80002EC,<ec020008 0000>,200
00:00:08:00:02:ED,80002ED,<ed020008 0000>,200
00:00:08:00:02:EE,80002EE,<ee020008 0000>,200
00:00:08:00:02:EF,80002EF,<ef020008 0000>,200
00:00:08:00:02:F0,80002F0,<f0020008 0000>,200
00:00:08:00:02:F1,80002F1,<f1020008 0000>,200
00:00:08:00:02:F2,80002F2,<f2020008 0000>,200
00:00:08:00:02:F3,80002F3,<f3020008 0000>,200
00:00:08:00:02:F4,80002F4,<f4020008 0000>,200
00:00:08:00:02:F5,80002F5,<f5020008 0000>,200
00:00:08:00:02:F6,80002F6,<f6020008 0000>,200
00:00:08:00:02:F7,80002F7,<f7020008 0000>,200
00:00:08:00:02:F8,80002F8,<f8020008 0000>,200
00:00:08:00:02:F9,80002F9,<f9020008 0000>,200
00:00:08:00:02:FA,80002FA,<fa020008 0000>,200
00:00:08:00:02:FB,80002FB,<fb020008 0000>,200
00:00:08:00:02:FC,80002FC,<fc020008 0000>,200
00:00:08:00:02:FD,80002FD,<fd020008 0000>,200
00:00:08:00:02:FE,80002FE,<fe020008 0000>,200
00:00:08:00:02:FF,80002FF,<ff020008 0000>,200
00:00:08:00:03:00,8000300,<00030008 0000>,200
00:00:08:00:03:01,8000301,<01030008 0000>,200
00:00:08:00:03:02,8000302,<02030008 0000>,200
00:00:08:00:03:03,8000303,<03030008 0000>,200
00:00:08:00:03:04,8000304,<04030008 0000>,200
00:00:08:00:03:05,8000305,<05030008 0000>,200
00:00:08:00:03:06,8000306,<06030008 0000>,200
00:00:08:00:03:07,8000307,<07030008 0000>,200
00:00:08:00:03:08,8000308,<08030008 0000>,200
00:00:08:00:03:09,8000309,<09030008 0000>,200
00:00:08:00:03:0A,800030A,<0a030008 0000>,200
00:00:08:00:03:0B,800030B,<0b030008 0000>,200
00:00:08:00:03:0C,800030C,<0c030008 0000>,200
00:00:08:00:03:0D,800030D,<0d030008 0000>,200
00:00:08:00:03:0E,800030E,<0e030008 0000>,200
00:00:08:00:03:0F,800030F,<0f030008 0000>,200
00:00:08:00:03:10,8000310,<10030008 0000>,200
00:00:08:00:03:11,8000311,<11030008 0000>,200
00:00:08:00:03:12,8000312,<12030008 0000>,200
00:00:08:00:03:13,8000313,<13030008 0000>,200
00:00:08:00:03:14,8000314,<14030008 0000>,200
00:00:08:00:03:15,8000315,<15030008 0000>,200
00:00:08:00:03:16,8000316,<16030008 0000>,200
00:00:08:00:03:17,8000317,<17030008 0000>,200
00:00:08:00:03:18,8000318,<18030008 0000>,200
00:00:08:00:03:19,8000319,<19030008 0000>,200
00:00:08:00:03:1A,800031A,<1a030008 0000>,200
00:00:08:00:03:1B,800031B,<1b030008 0000>,200
00:00:08:00:03:1C,800031C,<1c030008 0000>,200
00:00:08:00:03:1D,800031D,<1d030008 0000>,200
00:00:08:00:03:1E,800031E,<1e030008 0000>,200
00:00:08:00:03:1F,800031F,<1f030008 0000>,200
00:00:08:00:03:20,8000320,<20030008 0000>,200
00:00:08:00:03:21,8000321,<21030008 0000>,200
00:00:08:00:03:22,8000322,<22030008 0000>,200
00:00:08:00:03:23,8000323,<23030008 0000>,200
00:00:08:00:03:24,8000324,<24030008 0000>,200
00:00:08:00:03:25,8000325,<25030008 0000>,200
00:00:08:00:03:26,8000326,<26030008 0000>,200
00:00:08:00:03:27,8000327,<27030008 0000>,200
00:00:08:00:03:28,8000328,<28030008 0000>,200
00:00:08:00:03:29,8000329,<29030008 0000>,200
00:00:08:00:03:2A,800032A,<2a030008 0000>,200
00:00:08:00:03:2B,800032B,<2b030008 0000>,200
00:00:08:00:03:2C,800032C,<2c030008 0000>,200
00:00:08:00:03:2D,800032D,<2d030008 0000>,200
00:00:08:00:03:2E,800032E,<2e030008 0000>,200
00:00:08:00:03:2F,800032F,<2f030008 0000>,200
00:00:08:00:03:30,8000330,<30030008 0000>,200
00:00:08:00:03:31,8000331,<31030008 0000>,200
00:00:08:00:03:32,8000332,<32030008 0000>,200
00:00:08:00:03:33,8000333,<33030008 0000>,200
00:00:08:00:03:34,8000334,<34030008 0000>,200
00:00:08:00:03:35,8000335,<35030008 0000>,200
00:00:08:00:03:36,8000336,<36030008 0000>,200
00:00:08:00:03:37,8000337,<37030008 0000>,200
00:00:08:00:03:38,8000338,<38030008 0000>,200
00:00:08:00:03:39,8000339,<39030008 0000>,200
00:00:08:00:03:3A,800033A,<3a030008 0000>,200
00:00:08:00:03:3B,800033B,<3b030008 0000>,200
00:00:08:00:03:3C,800033C,<3c030008 0000>,200
00:00:08:00:03:3D,800033D,<3d030008 0000>,200
00:00:08:00:03:3E,800033E,<3e030008 0000>,200
00:00:08:00:03:3F,800033F,<3f030008 0000>,200
00:00:08:00:03:40,8000340,<40030008 0000>,200
00:00:08:00:03:41,8000341,<41030008 0000>,200
00:00:08:00:03:42,8000342,<42030008 0000>,200
00:00:08:00:03:43,8000343,<43030008 0000>,200
00:00:08:00:03:44,8000344,<44030008 0000>,200
00:00:08:00:03:45,8000345,<45030008 0000>,200
00:00:08:00:03:46,8000346,<46030008 0000>,200
00:00:08:00:03:47,8000347,<47030008 0000>,200
00:00:08:00:03:48,8000348,<48030008 0000>,200
00:00:08:00:03:49,8000349,<49030008 0000>,200
00:00:08:00:03:4A,800034A,<4a030008 0000>,200
00:00:08:00:03:4B,800034B,<4b030008 0000>,200
00:00:08:00:03:4C,800034C,<4c030008 0000>,200
00:00:08:00:03:4D,800034D,<4d030008 0000>,200
00:00:08:00:03:4E,800034E,<4e030008 0000>,200
00:00:08:00:03:4F,800034F,<4f030008 0000>,200
00:00:08:00:03:50,8000350,<50030008 0000>,200
00:00:08:00:03:51,8000351,<51030008 0000>,200
00:00:08:00:03:52,8000352,<52030008 0000>,200
00:00:08:00:03:53,8000353,<53030008 0000>,200
00:00:08:00:03:54,8000354,<54030008 0000>,200
00:00:08:00:03:55,8000355,<55030008 0000>,200
00:00:08:00:03:56,8000356,<56030008 0000>,200
00:00:08:00:03:57,8000357,<57030008 0000>,200
00:00:08:00:03:58,8000358,<58030008 0000>,200
00:00:08:00:03:59,8000359,<59030008 0000>,200
00:00:08:00:03:5A,800035A,<5a030008 0000>,200
00:00:08:00:03:5B,800035B,<5b030008 0000>,200
00:00:08:00:03:5C,800035C,<5c030008 0000>,200
00:00:08:00:03:5D,800035D,<5d030008 0000>,200
00:00:08:00:03:5E,800035E,<5e030008 0000>,200
00:00:08:00:03:5F,800035F,<5f030008 0000>,200
00:00:08:00:03:60,8000360,<60030008 0000>,200
00:00:08:00:03:61,8000361,<61030008 0000>,200
00:00:08:00:03:62,8000362,<62030008 0000>,200
00:00:08:00:03:63,8000363,<63030008 0000>,200
00:00:08:00:03:64,8000364,<64030008 0000>,200
00:00:08:00:03:65,8000365,<65030008 0000>,200
00:00:08:00:03:66,8000366,<66030008 0000>,200
00:00:08:00:03:67,8000367,<67030008 0000>,200
00:00:08:00:03:68,8000368,<68030008 0000>,200
00:00:08:00:03:69,8000369,<69030008 0000>,200
00:00:08:00:03:6A,800036A,<6a030008 0000>,200
00:00:08:00:03:6B,800036B,<6b030008 0000>,200
00:00:08:00:03:6C,800036C,<6c030008 0000>,200
00:00:08:00:03:6D,800036D,<6d030008 0000>,200
00:00:08:00:03:6E,800036E,<6e030008 0000>,200
00:00:08:00:03:6F,800036F,<6f030008 0000>,200
00:00:08:00:03:70,8000370,<70030008 0000>,200
00:00:08:00:03:71,8000371,<71030008 0000>,200
00:00:08:00:03:72,8000372,<72030008 0000>,200
00:00:08:00:03:73,8000373,<73030008 0000>,200
00:00:08:00:03:74,8000374,<74030008 0000>,200
00:00:08:00:03:75,8000375,<75030008 0000>,200
00:00:08:00:03:76,8000376,<76030008 0000>,200
00:00:08:00:03:77,8000377,<77030008 0000>,200
00:00:08:00:03:78,8000378,<78030008 0000>,200
00:00:08:00:03:79,8000379,<79030008 0000>,200
00:00:08:00:03:7A,800037A,<7a030008 0000>,200
00:00:08:00:03:7B,800037B,<7b030008 0000>,200
00:00:08:00:03:7C,800037C,<7c030008 0000>,200
00:00:08:00:03:7D,800037D,<7d030008 0000>,200
00:00:08:00:03:7E,800037E,<7e030008 0000>,200
00:00:08:00:03:7F,800037F,<7f030008 0000>,200
00:00:08:00:03:80,8000380,<80030008 0000>,200
00:00:08:00:03:81,8000381,<81030008 0000>,200
00:00:08:00:03:82,8000382,<82030008 0000>,200
00:00:08:00:03:83,8000383,<83030008 0000>,200
00:00:08:00:03:84,8000384,<84030008 0000>,200
00:00:08:00:03:85,8000385,<85030008 0000>,200
00:00:08:00:03:86,8000386,<86030008 0000>,200
00:00:08:00:03:87,8000387,<87030008 0000>,200
00:00:08:00:03:88,8000388,<88030008 0000>,200
00:00:08:00:03:89,8000389,<89030008 0000>,200
00:00:08:00:03:8A,800038A,<8a030008 0000>,200
00:00:08:00:03:8B,800038B,<8b030008 0000>,200
00:00:08:00:03:8C,800038C,<8c030008 0000>,200
00:00:08:00:03:8D,800038D,<8d030008 0000>,200
00:00:08:00:03:8E,800038E,<8e030008 0000>,200
00:00:08:00:03:8F,800038F,<8f030008 0000>,200
00:00:08:00:03:90,8000390,<90030008 0000>,200
00:00:08:00:03:91,8000391,<91030008 0000>,200
00:00:08:00:03:92,8000392,<92030008 0000>,200
00:00:08:00:03:93,8000393,<93030008 0000>,200
00:00:08:00:03:94,8000394,<94030008 0000>,200
00:00:08:00:03:95,8000395,<95030008 0000>,200
00:00:08:00:03:96,8000396,<96030008 0000>,200
00:00:08:00:03:97,8000397,<97030008 0000>,200
00:00:08:00:03:98,8000398,<98030008 0000>,200
00:00:08:00:03:99,8000399,<99030008 0000>,200
00:00:08:00:03:9A,800039A,<9a030008 0000>,200
00:00:08:00:03:9B,800039B,<9b030008 0000>,200
00:00:08:00:03:9C,800039C,<9c030008 0000>,200
00:00:08:00:03:9D,800039D,<9d030008 0000>,200
00:00:08:00:03:9E,800039E,<9e030008 0000>,200
00:00:08:00:03:9F,800039F,<9f030008 0000>,200
00:00:08:00:03:A0,80003A0,<a0030008 0000>,200
00:00:08:00:03:A1,80003A1,<a1030008 0000>,200
00:00:08:00:03:A2,80003A2,<a2030008 0000>,200
00:00:08:00:03:A3,80003A3,<a3030008 0000>,200
00:00:08:00:03:A4,80003A4,<a4030008 0000>,200
00:00:08:00:03:A5,80003A5,<a5030008 0000>,200
00:00:08:00:03:A6,80003A6,<a6030008 0000>,200
00:00:08:00:03:A7,80003A7,<a7030008 0000>,200
00:00:08:00:03:A8,80003A8,<a8030008 0000>,200
00:00:08:00:03:A9,80003A9,<a9030008 0000>,200
00:00:08:00:03:AA,80003AA,<aa030008 0000>,200
00:00:08:00:03:AB,80003AB,<ab030008 0000>,200
00:00:08:00:03:AC,80003AC,<ac030008 0000>,200
00:00:08:00:03:AD,80003AD,<ad030008 0000>,200
00:00:08:00:03:AE,80003AE,<ae030008 0000>,200
00:00:08:00:03:AF,80003AF,<af030008 0000>,200
00:00:08:00:03:B0,80003B0,<b0030008 0000>,200
00:00:08:00:03:B1,80003B1,<b1030008 0000>,200
00:00:08:00:03:B2,80003B2,<b2030008 0000>,200
00:00:08:00:03:B3,80003B3,<b3030008 0000>,200
00:00:08:00:03:B4,80003B4,<b4030008 0000>,200
00:00:08:00:03:B5,80003B5,<b5030008 0000>,200
00:00:08:00:03:B6,80003B6,<b6030008 0000>,200
00:00:08:00:03:B7,80003B7,<b7030008 0000>,200
00:00:08:00:03:B8,80003B8,<b8030008 0000>,200
00:00:08:00:03:B9,80003B9,<b9030008 0000>,200
00:00:08:00:03:BA,80003BA,<ba030008 0000>,200
00:00:08:00:03:BB,80003BB,<bb030008 0000>,200
00:00:08:00:03:BC,80003BC,<bc030008 0000>,200
00:00:08:00:03:BD,80003BD,<bd030008 0000>,200
00:00:08:00:03:BE,80003BE,<be030008 0000>,200
00:00:08:00:03:BF,80003BF,<bf030008 0000>,200
00:00:08:00:03:C0,80003C0,<c0030008 0000>,200
00:00:08:00:03:C1,80003C1,<c1030008 0000>,200
00:00:08:00:03:C2,80003C2,<c2030008 0000>,200
00:00:08:00:03:C3,80003C3,<c3030008 0000>,200
00:00:08:00:03:C4,80003C4,<c4030008 0000>,200
00:00:08:00:03:C5,80003C5,<c5030008 0000>,200
00:00:08:00:03:C6,80003C6,<c6030008 0000>,200
00:00:08:00:03:C7,80003C7,<c7030008 0000>,200
00:00:08:00:03:C8,80003C8,<c8030008 0000>,200
00:00:08:00:03:C9,80003C9,<c9030008 0000>,200
00:00:08:00:03:CA,80003CA,<ca030008 0000>,200
00:00:08:00:03:CB,80003CB,<cb030008 0000>,200
00:00:08:00:03:CC,80003CC,<cc030008 0000>,200
00:00:08:00:03:CD,80003CD,<cd030008 0000>,200
00:00:08:00:03:CE,80003CE,<ce030008 0000>,200
00:00:08:00:03:CF,80003CF,<cf030008 0000>,200
00:00:08:00:03:D0,80003D0,<d0030008 0000>,200
00:00:08:00:03:D1,80003D1,<d1030008 0000>,200
00:00:08:00:03:D2,80003D2,<d2030008 0000>,200
00:00:08:00:03:D3,80003D3,<d3030008 0000>,200
00:00:08:00:03:D4,80003D4,<d4030008 0000>,200
00:00:08:00:03:D5,80003D5,<d5030008 0000>,200
00:00:08:00:03:D6,80003D6,<d6030008 0000>,200
00:00:08:00:03:D7,80003D7,<d7030008 0000>,200
00:00:08:00:03:D8,80003D8,<d8030008 0000>,200
00:00:08:00:03:D9,80003D9,<d9030008 0000>,200
00:00:08:00:03:DA,80003DA,<da030008 0000>,200
00:00:08:00:03:DB,80003DB,<db030008 0000>,200
00:00:08:00:03:DC,80003DC,<dc030008 0000>,200
00:00:08:00:03:DD,80003DD,<dd030008 0000>,200
00:00:08:00:03:DE,80003DE,<de030008 0000>,200
00:00:08:00:03:DF,80003DF,<df030008 0000>,200
00:00:08:00:03:E0,80003E0,<e0030008 0000>,200
00:00:08:00:03:E1,80003E1,<e1030008 0000>,200
00:00:08:00:03:E2,80003E2,<e2030008 0000>,200
00:00:08:00:03:E3,80003E3,<e3030008 0000>,200
00:00:08:00:03:E4,80003E4,<e4030008 0000>,200
00:00:08:00:03:E5,80003E5,<e5030008 0000>,200
00:00:08:00:03:E6,80003E6,<e6030008 0000>,200
00:00:08:00:03:E7,80003E7,<e7030008 0000>,200
00:00:08:00:03:E8,80003E8,<e8030008 0000>,200
00:00:08:00:03:E9,80003E9,<e9030008 0000>,200
00:00:08:00:03:EA,80003EA,<ea030008 0000>,200
00:00:08:00:03:EB,80003EB,<eb030008 0000>,200
00:00:08:00:03:EC,80003EC,<ec030008 0000>,200
00:00:08:00:03:ED,80003ED,<ed030008 0000>,200
00:00:08:00:03:EE,80003EE,<ee030008 0000>,200
00:00:08:00:03:EF,80003EF,<ef030008 0000>,200
00:00:08:00:03:F0,80003F0,<f0030008 0000>,200
00:00:08:00:03:F1,80003F1,<f1030008 0000>,200
00:00:08:00:03:F2,80003F2,<f2030008 0000>,200
00:00:08:00:03:F3,80003F3,<f3030008 0000>,200
00:00:08:00:03:F4,80003F4,<f4030008 0000>,200
00:00:08:00:03:F5,80003F5,<f5030008 0000>,200
00:00:08:00:03:F6,80003F6,<f6030008 0000>,200
00:00:08:00:03:F7,80003F7,<f7030008 0000>,200
00:00:08:00:03:F8,80003F8,<f8030008 0000>,200
00:00:08:00:03:F9,80003F9,<f9030008 0000>,200
00:00:08:00:03:FA,80003FA,<fa030008 0000>,200
00:00:08:00:03:FB,80003FB,<fb030008 0000>,200
00:00:08:00:03:FC,80003FC,<fc030008 0000>,200
00:00:08:00:03:FD,80003FD,<fd030008 0000>,200
00:00:08:00:03:FE,80003FE,<fe030008 0000>,200
00:00:08:00:03:FF,80003FF,<ff030008 0000>,200
00:00:08:00:04:00,8000400,<00040008 0000>,200
00:00:08:00:04:01,8000401,<01040008 0000>,200
00:00:08:00:04:02,8000402,<02040008 0000>,200
00:00:08:00:04:03,8000403,<03040008 0000>,200
00:00:08:00:04:04,8000404,<04040008 0000>,200
00:00:08:00:04:05,8000405,<05040008 0000>,200
00:00:08:00:04:06,8000406,<06040008 0000>,200
00:00:08:00:04:07,8000407,<07040008 0000>,200
00:00:08:00:04:08,8000408,<08040008 0000>,200
00:00:08:00:04:09,8000409,<09040008 0000>,200
00:00:08:00:04:0A,800040A,<0a040008 0000>,200
00:00:08:00:04:0B,800040B,<0b040008 0000>,200
00:00:08:00:04:0C,800040C,<0c040008 0000>,200
00:00:08:00:04:0D,800040D,<0d040008 0000>,200
00:00:08:00:04:0E,800040E,<0e040008 0000>,200
00:00:08:00:04:0F,800040F,<0f040008 0000>,200
00:00:08:00:04:10,8000410,<10040008 0000>,200
00:00:08:00:04:11,8000411,<11040008 0000>,200
00:00:08:00:04:12,8000412,<12040008 0000>,200
00:00:08:00:04:13,8000413,<13040008 0000>,200
00:00:08:00:04:14,8000414,<14040008 0000>,200
00:00:08:00:04:15,8000415,<15040008 0000>,200
00:00:08:00:04:16,8000416,<16040008 0000>,200
00:00:08:00:04:17,8000417,<17040008 0000>,200
00:00:08:00:04:18,8000418,<18040008 0000>,200
00:00:08:00:04:19,8000419,<19040008 0000>,200
00:00:08:00:04:1A,800041A,<1a040008 0000>,200
00:00:08:00:04:1B,800041B,<1b040008 0000>,200
00:00:08:00:04:1C,800041C,<1c040008 0000>,200
00:00:08:00:04:1D,800041D,<1d040008 0000>,200
00:00:08:00:04:1E,800041E,<1e040008 0000>,200
00:00:08:00:04:1F,800041F,<1f040008 0000>,200
00:00:08:00:04:20,8000420,<20040008 0000>,200
00:00:08:00:04:21,8000421,<21040008 0000>,200
00:00:08:00:04:22,8000422,<22040008 0000>,200
00:00:08:00:04:23,8000423,<23040008 0000>,200
00:00:08:00:04:24,8000424,<24040008 0000>,200
00:00:08:00:04:25,8000425,<25040008 0000>,200
00:00:08:00:04:26,8000426,<26040008 0000>,200
00:00:08:00:04:27,8000427,<27040008 0000>,200
00:00:08:00:04:28,8000428,<28040008 0000>,200
00:00:08:00:04:29,8000429,<29040008 0000>,200
00:00:08:00:04:2A,800042A,<2a040008 0000>,200
00:00:08:00:04:2B,800042B,<2b040008 0000>,200
00:00:08:00:04:2C,800042C,<2c040008 0000>,200
00:00:08:00:04:2D,800042D,<2d040008 0000>,200
00:00:08:00:04:2E,800042E,<2e040008 0000>,200
00:00:08:00:04:2F,800042F,<2f040008 0000>,200
00:00:08:00:04:30,8000430,<30040008 0000>,200
00:00:08:00:04:31,8000431,<31040008 0000>,200
00:00:08:00:04:32,8000432,<32040008 0000>,200
00:00:08:00:04:33,8000433,<33040008 0000>,200
00:00:08:00:04:34,8000434,<34040008 0000>,200
00:00:08:00:04:35,8000435,<35040008 0000>,200
00:00:08:00:04:36,8000436,<36040008 0000>,200
00:00:08:00:04:37,8000437,<37040008 0000>,200
00:00:08:00:04:38,8000438,<38040008 0000>,200
00:00:08:00:04:39,8000439,<39040008 0000>,200
00:00:08:00:04:3A,800043A,<3a040008 0000>,200
00:00:08:00:04:3B,800043B,<3b040008 0000>,200
00:00:08:00:04:3C,800043C,<3c040008 0000>,200
00:00:08:00:04:3D,800043D,<3d040008 0000>,200
00:00:08:00:04:3E,800043E,<3e040008 0000>,200
00:00:08:00:04:3F,800043F,<3f040008 0000>,200
00:00:08:00:04:40,8000440,<40040008 0000>,200
00:00:08:00:04:41,8000441,<41040008 0000>,200
00:00:08:00:04:42,8000442,<42040008 0000>,200
00:00:08:00:04:43,8000443,<43040008 0000>,200
00:00:08:00:04:44,8000444,<44040008 0000>,200
00:00:08:00:04:45,8000445,<45040008 0000>,200
00:00:08:00:04:46,8000446,<46040008 0000>,200
00:00:08:00:04:47,8000447,<47040008 0000>,200
00:00:08:00:04:48,8000448,<48040008 0000>,200
00:00:08:00:04:49,8000449,<49040008 0000>,200
00:00:08:00:04:4A,800044A,<4a040008 0000>,200
00:00:08:00:04:4B,800044B,<4b040008 0000>,200
00:00:08:00:04:4C,800044C,<4c040008 0000>,200
00:00:08:00:04:4D,800044D,<4d040008 0000>,200
00:00:08:00:04:4E,800044E,<4e040008 0000>,200
00:00:08:00:04:4F,800044F,<4f040008 0000>,200
00:00:08:00:04:50,8000450,<50040008 0000>,200
00:00:08:00:04:51,8000451,<51040008 0000>,200
00:00:08:00:04:52,8000452,<52040008 0000>,200
00:00:08:00:04:53,8000453,<53040008 0000>,200
00:00:08:00:04:54,8000454,<54040008 0000>,200
00:00:08:00:04:55,8000455,<55040008 0000>,200
00:00:08:00:04:56,8000456,<56040008 0000>,200
00:00:08:00:04:57,8000457,<57040008 0000>,200
00:00:08:00:04:58,8000458,<58040008 0000>,200
00:00:08:00:04:59,8000459,<59040008 0000>,200
00:00:08:00:04:5A,800045A,<5a040008 0000>,200
00:00:08:00:04:5B,800045B,<5b040008 0000>,200
00:00:08:00:04:5C,800045C,<5c040008 0000>,200
00:00:08:00:04:5D,800045D,<5d040008 0000>,200
00:00:08:00:04:5E,800045E,<5e040008 0000>,200
00:00:08:00:04:5F,800045F,<5f040008 0000>,200
00:00:08:00:04:60,8000460,<60040008 0000>,200
00:00:08:00:04:61,8000461,<61040008 0000>,200
00:00:08:00:04:62,8000462,<62040008 0000>,200
00:00:08:00:04:63,8000463,<63040008 0000>,200
00:00:08:00:04:64,8000464,<64040008 0000>,200
00:00:08:00:04:65,8000465,<65040008 0000>,200
00:00:08:00:04:66,8000466,<66040008 0000>,200
00:00:08:00:04:67,8000467,<67040008 0000>,200
00:00:08:00:04:68,8000468,<68040008 0000>,200
00:00:08:00:04:69,8000469,<69040008 0000>,200
00:00:08:00:04:6A,800046A,<6a040008 0000>,200
00:00:08:00:04:6B,800046B,<6b040008 0000>,200
00:00:08:00:04:6C,800046C,<6c040008 0000>,200
00:00:08:00:04:6D,800046D,<6d040008 0000>,200
00:00:08:00:04:6E,800046E,<6e040008 0000>,200
00:00:08:00:04:6F,800046F,<6f040008 0000>,200
00:00:08:00:04:70,8000470,<70040008 0000>,200
00:00:08:00:04:71,8000471,<71040008 0000>,200
00:00:08:00:04:72,8000472,<72040008 0000>,200
00:00:08:00:04:73,8000473,<73040008 0000>,200
00:00:08:00:04:74,8000474,<74040008 0000>,200
00:00:08:00:04:75,8000475,<75040008 0000>,200
00:00:08:00:04:76,8000476,<76040008 0000>,200
00:00:08:00:04:77,8000477,<77040008 0000>,200
00:00:08:00:04:78,8000478,<78040008 0000>,200
00:00:08:00:04:79,8000479,<79040008 0000>,200
00:00:08:00:04:7A,800047A,<7a040008 0000>,200
00:00:08:00:04:7B,800047B,<7b040008 0000>,200
00:00:08:00:04:7C,800047C,<7c040008 0000>,200
00:00:08:00:04:7D,800047D,<7d040008 0000>,200
00:00:08:00:04:7E,800047E,<7e040008 0000>,200
00:00:08:00:04:7F,800047F,<7f040008 0000>,200
00:00:08:00:04:80,8000480,<80040008 0000>,200
00:00:08:00:04:81,8000481,<81040008 0000>,200
00:00:08:00:04:82,8000482,<82040008 0000>,200
00:00:08:00:04:83,8000483,<83040008 0000>,200
00:00:08:00:04:84,8000484,<84040008 0000>,200
00:00:08:00:04:85,8000485,<85040008 0000>,200
