bluetooth_id,mac_address,identifier,device
200,00:00:01:00:80:16,<16800001 0000>,008016
200,00:00:08:00:00:03,<03000008 0000>,800003
200,00:00:08:00:00:0F,<0f000008 0000>,80000F
200,00:00:08:00:00:01,<01000008 0000>,800001
200,00:00:08:00:00:02,<02000008 0000>,800002
200,00:00:08:00:00:04,<04000008 0000>,800004
200,00:00:08:00:00:05,<05000008 0000>,800005
200,00:00:08:00:00:06,<06000008 0000>,800006
200,00:00:08:00:00:07,<07000008 0000>,800007
200,00:00:08:00:00:08,<08000008 0000>,800008
200,00:00:08:00:00:09,<09000008 0000>,800009
200,00:00:08:00:00:10,<10000008 0000>,800010
200,00:00:08:00:00:11,<11000008 0000>,800011
200,00:00:08:00:00:12,<12000008 0000>,800012
200,00:00:08:00:00:13,<13000008 0000>,800013
200,00:00:08:00:00:14,<14000008 0000>,800014
200,00:00:08:00:00:15,<15000008 0000>,800015
200,00:00:08:00:00:0A,<0a000008 0000>,80000A
200,00:00:08:00:00:0B,<0b000008 0000>,80000B
200,00:00:08:00:00:0C,<0c000008 0000>,80000C
200,00:00:08:00:00:0D,<0d000008 0000>,80000D
200,00:00:08:00:00:0E,<0e000008 0000>,80000E
200,00:00:08:00:00:64,<64000008 0000>,8000064
200,00:00:08:00:00:65,<65000008 0000>,8000065
200,00:00:08:00:00:66,<66000008 0000>,8000066
200,00:00:08:00:00:67,<67000008 0000>,8000067
200,00:00:08:00:00:68,<68000008 0000>,8000068
200,00:00:08:00:00:69,<69000008 0000>,8000069
200,00:00:08:00:00:6A,<6a000008 0000>,800006A
200,00:00:08:00:00:6B,<6b000008 0000>,800006B
200,00:00:08:00:00:6C,<6c000008 0000>,800006C
200,00:00:08:00:00:6D,<6d000008 0000>,800006D
200,00:00:08:00:00:6E,<6e000008 0000>,800006E
200,00:00:08:00:00:6F,<6f000008 0000>,800006F
200,00:00:08:00:00:70,<70000008 0000>,8000070
200,00:00:08:00:00:71,<71000008 0000>,8000071
200,00:00:08:00:00:72,<72000008 0000>,8000072
200,00:00:08:00:00:73,<73000008 0000>,8000073
200,00:00:08:00:00:74,<74000008 0000>,8000074
200,00:00:08:00:00:75,<75000008 0000>,8000075
200,00:00:08:00:00:76,<76000008 0000>,8000076
200,00:00:08:00:00:77,<77000008 0000>,8000077
200,00:00:08:00:00:78,<78000008 0000>,8000078
200,00:00:08:00:00:79,<79000008 0000>,8000079
200,00:00:08:00:00:7A,<7a000008 0000>,800007A
200,00:00:08:00:00:7B,<7b000008 0000>,800007B
200,00:00:08:00:00:7C,<7c000008 0000>,800007C
200,00:00:08:00:00:7D,<7d000008 0000>,800007D
200,00:00:08:00:00:7E,<7e000008 0000>,800007E
200,00:00:08:00:00:7F,<7f000008 0000>,800007F
200,00:00:08:00:00:80,<80000008 0000>,8000080
200,00:00:08:00:00:81,<81000008 0000>,8000081
200,00:00:08:00:00:82,<82000008 0000>,8000082
200,00:00:08:00:00:83,<83000008 0000>,8000083
200,00:00:08:00:00:84,<84000008 0000>,8000084
200,00:00:08:00:00:85,<85000008 0000>,8000085
200,00:00:08:00:00:86,<86000008 0000>,8000086
200,00:00:08:00:00:87,<87000008 0000>,8000087
200,00:00:08:00:00:88,<88000008 0000>,8000088
200,00:00:08:00:00:89,<89000008 0000>,8000089
200,00:00:08:00:00:8A,<8a000008 0000>,800008A
200,00:00:08:00:00:8B,<8b000008 0000>,800008B
200,00:00:08:00:00:8C,<8c000008 0000>,800008C
200,00:00:08:00:00:8D,<8d000008 0000>,800008D
200,00:00:08:00:00:8E,<8e000008 0000>,800008E
200,00:00:08:00:00:8F,<8f000008 0000>,800008F
200,00:00:08:00:00:90,<90000008 0000>,8000090
200,00:00:08:00:00:91,<91000008 0000>,8000091
200,00:00:08:00:00:92,<92000008 0000>,8000092
200,00:00:08:00:00:93,<93000008 0000>,8000093
200,00:00:08:00:00:94,<94000008 0000>,8000094
200,00:00:08:00:00:95,<95000008 0000>,8000095
200,00:00:08:00:00:96,<96000008 0000>,8000096
200,00:00:08:00:00:97,<97000008 0000>,8000097
200,00:00:08:00:00:98,<98000008 0000>,8000098
200,00:00:08:00:00:99,<99000008 0000>,8000099
200,00:00:08:00:00:9A,<9a000008 0000>,800009A
200,00:00:08:00:00:9B,<9b000008 0000>,800009B
200,00:00:08:00:00:9C,<9c000008 0000>,800009C
200,00:00:08:00:00:9D,<9d000008 0000>,800009D
200,00:00:08:00:00:9E,<9e000008 0000>,800009E
200,00:00:08:00:00:9F,<9f000008 0000>,800009F
200,00:00:08:00:00:A0,<a0000008 0000>,80000A0
200,00:00:08:00:00:A1,<a1000008 0000>,80000A1
200,00:00:08:00:00:A2,<a2000008 0000>,80000A2
200,00:00:08:00:00:A3,<a3000008 0000>,80000A3
200,00:00:08:00:00:A4,<a4000008 0000>,80000A4
200,00:00:08:00:00:A5,<a5000008 0000>,80000A5
200,00:00:08:00:00:A6,<a6000008 0000>,80000A6
200,00:00:08:00:00:A7,<a7000008 0000>,80000A7
200,00:00:08:00:00:A8,<a8000008 0000>,80000A8
200,00:00:08:00:00:A9,<a9000008 0000>,80000A9
200,00:00:08:00:00:AA,<aa000008 0000>,80000AA
200,00:00:08:00:00:AB,<ab000008 0000>,80000AB
200,00:00:08:00:00:AC,<ac000008 0000>,80000AC
200,00:00:08:00:00:AD,<ad000008 0000>,80000AD
200,00:00:08:00:00:AE,<ae000008 0000>,80000AE
200,00:00:08:00:00:AF,<af000008 0000>,80000AF
200,00:00:08:00:00:B0,<b0000008 0000>,80000B0
200,00:00:08:00:00:B1,<b1000008 0000>,80000B1
200,00:00:08:00:00:B2,<b2000008 0000>,80000B2
200,00:00:08:00:00:B3,<b3000008 0000>,80000B3
200,00:00:08:00:00:B4,<b4000008 0000>,80000B4
200,00:00:08:00:00:B5,<b5000008 0000>,80000B5
200,00:00:08:00:00:B6,<b6000008 0000>,80000B6
200,00:00:08:00:00:B7,<b7000008 0000>,80000B7
200,00:00:08:00:00:B8,<b8000008 0000>,80000B8
200,00:00:08:00:00:B9,<b9000008 0000>,80000B9
200,00:00:08:00:00:BA,<ba000008 0000>,80000BA
200,00:00:08:00:00:BB,<bb000008 0000>,80000BB
200,00:00:08:00:00:BC,<bc000008 0000>,80000BC
200,00:00:08:00:00:BD,<bd000008 0000>,80000BD
200,00:00:08:00:00:BE,<be000008 0000>,80000BE
200,00:00:08:00:00:BF,<bf000008 0000>,80000BF
200,00:00:08:00:00:C0,<c0000008 0000>,80000C0
200,00:00:08:00:00:C1,<c1000008 0000>,80000C1
200,00:00:08:00:00:C2,<c2000008 0000>,80000C2
200,00:00:08:00:00:C3,<c3000008 0000>,80000C3
200,00:00:08:00:00:C4,<c4000008 0000>,80000C4
200,00:00:08:00:00:C5,<c5000008 0000>,80000C5
200,00:00:08:00:00:C6,<c6000008 0000>,80000C6
200,00:00:08:00:00:C7,<c7000008 0000>,80000C7
200,00:00:08:00:00:C8,<c8000008 0000>,80000C8
200,00:00:08:00:00:C9,<c9000008 0000>,80000C9
200,00:00:08:00:00:CA,<ca000008 0000>,80000CA
200,00:00:08:00:00:CB,<cb000008 0000>,80000CB
200,00:00:08:00:00:CC,<cc000008 0000>,80000CC
200,00:00:08:00:00:CD,<cd000008 0000>,80000CD
200,00:00:08:00:00:CE,<ce000008 0000>,80000CE
200,00:00:08:00:00:CF,<cf000008 0000>,80000CF
200,00:00:08:00:00:D0,<d0000008 0000>,80000D0
200,00:00:08:00:00:D1,<d1000008 0000>,80000D1
200,00:00:08:00:00:D2,<d2000008 0000>,80000D2
200,00:00:08:00:00:D3,<d3000008 0000>,80000D3
200,00:00:08:00:00:D4,<d4000008 0000>,80000D4
200,00:00:08:00:00:D5,<d5000008 0000>,80000D5
200,00:00:08:00:00:D6,<d6000008 0000>,80000D6
200,00:00:08:00:00:D7,<d7000008 0000>,80000D7
200,00:00:08:00:00:D8,<d8000008 0000>,80000D8
200,00:00:08:00:00:D9,<d9000008 0000>,80000D9
200,00:00:08:00:00:DA,<da000008 0000>,80000DA
200,00:00:08:00:00:DB,<db000008 0000>,80000DB
200,00:00:08:00:00:DC,<dc000008 0000>,80000DC
200,00:00:08:00:00:DD,<dd000008 0000>,80000DD
200,00:00:08:00:00:DE,<de000008 0000>,80000DE
200,00:00:08:00:00:DF,<df000008 0000>,80000DF
200,00:00:08:00:00:E0,<e0000008 0000>,80000E0
200,00:00:08:00:00:E1,<e1000008 0000>,80000E1
200,00:00:08:00:00:E2,<e2000008 0000>,80000E2
200,00:00:08:00:00:E3,<e3000008 0000>,80000E3
200,00:00:08:00:00:E4,<e4000008 0000>,80000E4
200,00:00:08:00:00:E5,<e5000008 0000>,80000E5
200,00:00:08:00:00:E6,<e6000008 0000>,80000E6
200,00:00:08:00:00:E7,<e7000008 0000>,80000E7
200,00:00:08:00:00:E8,<e8000008 0000>,80000E8
200,00:00:08:00:00:E9,<e9000008 0000>,80000E9
200,00:00:08:00:00:EA,<ea000008 0000>,80000EA
200,00:00:08:00:00:EB,<eb000008 0000>,80000EB
200,00:00:08:00:00:EC,<ec000008 0000>,80000EC
200,00:00:08:00:00:ED,<ed000008 0000>,80000ED
200,00:00:08:00:00:EE,<ee000008 0000>,80000EE
200,00:00:08:00:00:EF,<ef000008 0000>,80000EF
200,00:00:08:00:00:F0,<f0000008 0000>,80000F0
200,00:00:08:00:00:F1,<f1000008 0000>,80000F1
200,00:00:08:00:00:F2,<f2000008 0000>,80000F2
200,00:00:08:00:00:F3,<f3000008 0000>,80000F3
200,00:00:08:00:00:F4,<f4000008 0000>,80000F4
200,00:00:08:00:00:F5,<f5000008 0000>,80000F5
200,00:00:08:00:00:F6,<f6000008 0000>,80000F6
200,00:00:08:00:00:F7,<f7000008 0000>,80000F7
200,00:00:08:00:00:F8,<f8000008 0000>,80000F8
200,00:00:08:00:00:F9,<f9000008 0000>,80000F9
200,00:00:08:00:00:FA,<fa000008 0000>,80000FA
200,00:00:08:00:00:FB,<fb000008 0000>,80000FB
200,00:00:08:00:00:FC,<fc000008 0000>,80000FC
200,00:00:08:00:00:FD,<fd000008 0000>,80000FD
200,00:00:08:00:00:FE,<fe000008 0000>,80000FE
200,00:00:08:00:00:FF,<ff000008 0000>,80000FF
200,00:00:08:00:01:00,<00010008 0000>,8000100
200,00:00:08:00:01:01,<01010008 0000>,8000101
200,00:00:08:00:01:02,<02010008 0000>,8000102
200,00:00:08:00:01:03,<03010008 0000>,8000103
200,00:00:08:00:01:04,<04010008 0000>,8000104
200,00:00:08:00:01:05,<05010008 0000>,8000105
200,00:00:08:00:01:06,<06010008 0000>,8000106
200,00:00:08:00:01:07,<07010008 0000>,8000107
200,00:00:08:00:01:08,<08010008 0000>,8000108
200,00:00:08:00:01:09,<09010008 0000>,8000109
200,00:00:08:00:01:0A,<0a010008 0000>,800010A
200,00:00:08:00:01:0B,<0b010008 0000>,800010B
200,00:00:08:00:01:0C,<0c010008 0000>,800010C
200,00:00:08:00:01:0D,<0d010008 0000>,800010D
200,00:00:08:00:01:0E,<0e010008 0000>,800010E
200,00:00:08:00:01:0F,<0f010008 0000>,800010F
200,00:00:08:00:01:10,<10010008 0000>,8000110
200,00:00:08:00:01:11,<11010008 0000>,8000111
200,00:00:08:00:01:12,<12010008 0000>,8000112
200,00:00:08:00:01:13,<13010008 0000>,8000113
200,00:00:08:00:01:14,<14010008 0000>,8000114
200,00:00:08:00:01:15,<15010008 0000>,8000115
200,00:00:08:00:01:16,<16010008 0000>,8000116
200,00:00:08:00:01:17,<17010008 0000>,8000117
200,00:00:08:00:01:18,<18010008 0000>,8000118
200,00:00:08:00:01:19,<19010008 0000>,8000119
200,00:00:08:00:01:1A,<1a010008 0000>,800011A
200,00:00:08:00:01:1B,<1b010008 0000>,800011B
200,00:00:08:00:01:1C,<1c010008 0000>,800011C
200,00:00:08:00:01:1D,<1d010008 0000>,800011D
200,00:00:08:00:01:1E,<1e010008 0000>,800011E
200,00:00:08:00:01:1F,<1f010008 0000>,800011F
200,00:00:08:00:01:20,<20010008 0000>,8000120
200,00:00:08:00:01:21,<21010008 0000>,8000121
200,00:00:08:00:01:22,<22010008 0000>,8000122
200,00:00:08:00:01:23,<23010008 0000>,8000123
200,00:00:08:00:01:24,<24010008 0000>,8000124
200,00:00:08:00:01:25,<25010008 0000>,8000125
200,00:00:08:00:01:26,<26010008 0000>,8000126
200,00:00:08:00:01:27,<27010008 0000>,8000127
200,00:00:08:00:01:28,<28010008 0000>,8000128
200,00:00:08:00:01:29,<29010008 0000>,8000129
200,00:00:08:00:01:2A,<2a010008 0000>,800012A
200,00:00:08:00:01:2B,<2b010008 0000>,800012B
200,00:00:08:00:01:2C,<2c010008 0000>,800012C
200,00:00:08:00:01:2D,<2d010008 0000>,800012D
200,00:00:08:00:01:2E,<2e010008 0000>,800012E
200,00:00:08:00:01:2F,<2f010008 0000>,800012F
200,00:00:08:00:01:30,<30010008 0000>,8000130
200,00:00:08:00:01:31,<31010008 0000>,8000131
200,00:00:08:00:01:32,<32010008 0000>,8000132
200,00:00:08:00:01:33,<33010008 0000>,8000133
200,00:00:08:00:01:34,<34010008 0000>,8000134
200,00:00:08:00:01:35,<35010008 0000>,8000135
200,00:00:08:00:01:36,<36010008 0000>,8000136
200,00:00:08:00:01:37,<37010008 0000>,8000137
200,00:00:08:00:01:38,<38010008 0000>,8000138
200,00:00:08:00:01:39,<39010008 0000>,8000139
200,00:00:08:00:01:3A,<3a010008 0000>,800013A
200,00:00:08:00:01:3B,<3b010008 0000>,800013B
200,00:00:08:00:01:3C,<3c010008 0000>,800013C
200,00:00:08:00:01:3D,<3d010008 0000>,800013D
200,00:00:08:00:01:3E,<3e010008 0000>,800013E
200,00:00:08:00:01:3F,<3f010008 0000>,800013F
200,00:00:08:00:01:40,<40010008 0000>,8000140
200,00:00:08:00:01:41,<41010008 0000>,8000141
200,00:00:08:00:01:42,<42010008 0000>,8000142
200,00:00:08:00:01:43,<43010008 0000>,8000143
200,00:00:08:00:01:44,<44010008 0000>,8000144
200,00:00:08:00:01:45,<45010008 0000>,8000145
200,00:00:08:00:01:46,<46010008 0000>,8000146
200,00:00:08:00:01:47,<47010008 0000>,8000147
200,00:00:08:00:01:48,<48010008 0000>,8000148
200,00:00:08:00:01:49,<49010008 0000>,8000149
200,00:00:08:00:01:4A,<4a010008 0000>,800014A
200,00:00:08:00:01:4B,<4b010008 0000>,800014B
200,00:00:08:00:01:4C,<4c010008 0000>,800014C
200,00:00:08:00:01:4D,<4d010008 0000>,800014D
200,00:00:08:00:01:4E,<4e010008 0000>,800014E
200,00:00:08:00:01:4F,<4f010008 0000>,800014F
200,00:00:08:00:01:50,<50010008 0000>,8000150
200,00:00:08:00:01:51,<51010008 0000>,8000151
200,00:00:08:00:01:52,<52010008 0000>,8000152
200,00:00:08:00:01:53,<53010008 0000>,8000153
200,00:00:08:00:01:54,<54010008 0000>,8000154
200,00:00:08:00:01:55,<55010008 0000>,8000155
200,00:00:08:00:01:56,<56010008 0000>,8000156
200,00:00:08:00:01:57,<57010008 0000>,8000157
200,00:00:08:00:01:58,<58010008 0000>,8000158
200,00:00:08:00:01:59,<59010008 0000>,8000159
200,00:00:08:00:01:5A,<5a010008 0000>,800015A
200,00:00:08:00:01:5B,<5b010008 0000>,800015B
200,00:00:08:00:01:5C,<5c010008 0000>,800015C
200,00:00:08:00:01:5D,<5d010008 0000>,800015D
200,00:00:08:00:01:5E,<5e010008 0000>,800015E
200,00:00:08:00:01:5F,<5f010008 0000>,800015F
200,00:00:08:00:01:60,<60010008 0000>,8000160
200,00:00:08:00:01:61,<61010008 0000>,8000161
200,00:00:08:00:01:62,<62010008 0000>,8000162
200,00:00:08:00:01:63,<63010008 0000>,8000163
200,00:00:08:00:01:64,<64010008 0000>,8000164
200,00:00:08:00:01:65,<65010008 0000>,8000165
200,00:00:08:00:01:66,<66010008 0000>,8000166
200,00:00:08:00:01:67,<67010008 0000>,8000167
200,00:00:08:00:01:68,<68010008 0000>,8000168
200,00:00:08:00:01:69,<69010008 0000>,8000169
200,00:00:08:00:01:6A,<6a010008 0000>,800016A
200,00:00:08:00:01:6B,<6b010008 0000>,800016B
200,00:00:08:00:01:6C,<6c010008 0000>,800016C
200,00:00:08:00:01:6D,<6d010008 0000>,800016D
200,00:00:08:00:01:6E,<6e010008 0000>,800016E
200,00:00:08:00:01:6F,<6f010008 0000>,800016F
200,00:00:08:00:01:70,<70010008 0000>,8000170
200,00:00:08:00:01:71,<71010008 0000>,8000171
200,00:00:08:00:01:72,<72010008 0000>,8000172
200,00:00:08:00:01:73,<73010008 0000>,8000173
200,00:00:08:00:01:74,<74010008 0000>,8000174
200,00:00:08:00:01:75,<75010008 0000>,8000175
200,00:00:08:00:01:76,<76010008 0000>,8000176
200,00:00:08:00:01:77,<77010008 0000>,8000177
200,00:00:08:00:01:78,<78010008 0000>,8000178
200,00:00:08:00:01:79,<79010008 0000>,8000179
200,00:00:08:00:01:7A,<7a010008 0000>,800017A
200,00:00:08:00:01:7B,<7b010008 0000>,800017B
200,00:00:08:00:01:7C,<7c010008 0000>,800017C
200,00:00:08:00:01:7D,<7d010008 0000>,800017D
200,00:00:08:00:01:7E,<7e010008 0000>,800017E
200,00:00:08:00:01:7F,<7f010008 0000>,800017F
200,00:00:08:00:01:80,<80010008 0000>,8000180
200,00:00:08:00:01:81,<81010008 0000>,8000181
200,00:00:08:00:01:82,<82010008 0000>,8000182
200,00:00:08:00:01:83,<83010008 0000>,8000183
200,00:00:08:00:01:84,<84010008 0000>,8000184
200,00:00:08:00:01:85,<85010008 0000>,8000185
200,00:00:08:00:01:86,<86010008 0000>,8000186
200,00:00:08:00:01:87,<87010008 0000>,8000187
200,00:00:08:00:01:88,<88010008 0000>,8000188
200,00:00:08:00:01:89,<89010008 0000>,8000189
200,00:00:08:00:01:8A,<8a010008 0000>,800018A
200,00:00:08:00:01:8B,<8b010008 0000>,800018B
200,00:00:08:00:01:8C,<8c010008 0000>,800018C
200,00:00:08:00:01:8D,<8d010008 0000>,800018D
200,00:00:08:00:01:8E,<8e010008 0000>,800018E
200,00:00:08:00:01:8F,<8f010008 0000>,800018F
200,00:00:08:00:01:90,<90010008 0000>,8000190
200,00:00:08:00:01:91,<91010008 0000>,8000191
200,00:00:08:00:01:92,<92010008 0000>,8000192
200,00:00:08:00:01:93,<93010008 0000>,8000193
200,00:00:08:00:01:94,<94010008 0000>,8000194
200,00:00:08:00:01:95,<95010008 0000>,8000195
200,00:00:08:00:01:96,<96010008 0000>,8000196
200,00:00:08:00:01:97,<97010008 0000>,8000197
200,00:00:08:00:01:98,<98010008 0000>,8000198
200,00:00:08:00:01:99,<99010008 0000>,8000199
200,00:00:08:00:01:9A,<9a010008 0000>,800019A
200,00:00:08:00:01:9B,<9b010008 0000>,800019B
200,00:00:08:00:01:9C,<9c010008 0000>,800019C
200,00:00:08:00:01:9D,<9d010008 0000>,800019D
200,00:00:08:00:01:9E,<9e010008 0000>,800019E
200,00:00:08:00:01:9F,<9f010008 0000>,800019F
200,00:00:08:00:01:A0,<a0010008 0000>,80001A0
200,00:00:08:00:01:A1,<a1010008 0000>,80001A1
200,00:00:08:00:01:A2,<a2010008 0000>,80001A2
200,00:00:08:00:01:A3,<a3010008 0000>,80001A3
200,00:00:08:00:01:A4,<a4010008 0000>,80001A4
200,00:00:08:00:01:A5,<a5010008 0000>,80001A5
200,00:00:08:00:01:A6,<a6010008 0000>,80001A6
200,00:00:08:00:01:A7,<a7010008 0000>,80001A7
200,00:00:08:00:01:A8,<a8010008 0000>,80001A8
200,00:00:08:00:01:A9,<a9010008 0000>,80001A9
200,00:00:08:00:01:AA,<aa010008 0000>,80001AA
200,00:00:08:00:01:AB,<ab010008 0000>,80001AB
200,00:00:08:00:01:AC,<ac010008 0000>,80001AC
200,00:00:08:00:01:AD,<ad010008 0000>,80001AD
200,00:00:08:00:01:AE,<ae010008 0000>,80001AE
200,00:00:08:00:01:AF,<af010008 0000>,80001AF
200,00:00:08:00:01:B0,<b0010008 0000>,80001B0
200,00:00:08:00:01:B1,<b1010008 0000>,80001B1
200,00:00:08:00:01:B2,<b2010008 0000>,80001B2
200,00:00:08:00:01:B3,<b3010008 0000>,80001B3
200,00:00:08:00:01:B4,<b4010008 0000>,80001B4
200,00:00:08:00:01:B5,<b5010008 0000>,80001B5
200,00:00:08:00:01:B6,<b6010008 0000>,80001B6
200,00:00:08:00:01:B7,<b7010008 0000>,80001B7
200,00:00:08:00:01:B8,<b8010008 0000>,80001B8
200,00:00:08:00:01:B9,<b9010008 0000>,80001B9
200,00:00:08:00:01:BA,<ba010008 0000>,80001BA
200,00:00:08:00:01:BB,<bb010008 0000>,80001BB
200,00:00:08:00:01:BC,<bc010008 0000>,80001BC
200,00:00:08:00:01:BD,<bd010008 0000>,80001BD
200,00:00:08:00:01:BE,<be010008 0000>,80001BE
200,00:00:08:00:01:BF,<bf010008 0000>,80001BF
200,00:00:08:00:01:C0,<c0010008 0000>,80001C0
200,00:00:08:00:01:C1,<c1010008 0000>,80001C1
200,00:00:08:00:01:C2,<c2010008 0000>,80001C2
200,00:00:08:00:01:C3,<c3010008 0000>,80001C3
200,00:00:08:00:01:C4,<c4010008 0000>,80001C4
200,00:00:08:00:01:C5,<c5010008 0000>,80001C5
200,00:00:08:00:01:C6,<c6010008 0000>,80001C6
200,00:00:08:00:01:C7,<c7010008 0000>,80001C7
200,00:00:08:00:01:C8,<c8010008 0000>,80001C8
200,00:00:08:00:01:C9,<c9010008 0000>,80001C9
200,00:00:08:00:01:CA,<ca010008 0000>,80001CA
200,00:00:08:00:01:CB,<cb010008 0000>,80001CB
200,00:00:08:00:01:CC,<cc010008 0000>,80001CC
200,00:00:08:00:01:CD,<cd010008 0000>,80001CD
200,00:00:08:00:01:CE,<ce010008 0000>,80001CE
200,00:00:08:00:01:CF,<cf010008 0000>,80001CF
200,00:00:08:00:01:D0,<d0010008 0000>,80001D0
200,00:00:08:00:01:D1,<d1010008 0000>,80001D1
200,00:00:08:00:01:D2,<d2010008 0000>,80001D2
200,00:00:08:00:01:D3,<d3010008 0000>,80001D3
200,00:00:08:00:01:D4,<d4010008 0000>,80001D4
200,00:00:08:00:01:D5,<d5010008 0000>,80001D5
200,00:00:08:00:01:D6,<d6010008 0000>,80001D6
200,00:00:08:00:01:D7,<d7010008 0000>,80001D7
200,00:00:08:00:01:D8,<d8010008 0000>,80001D8
200,00:00:08:00:01:D9,<d9010008 0000>,80001D9
200,00:00:08:00:01:DA,<da010008 0000>,80001DA
200,00:00:08:00:01:DB,<db010008 0000>,80001DB
200,00:00:08:00:01:DC,<dc010008 0000>,80001DC
200,00:00:08:00:01:DD,<dd010008 0000>,80001DD
200,00:00:08:00:01:DE,<de010008 0000>,80001DE
200,00:00:08:00:01:DF,<df010008 0000>,80001DF
200,00:00:08:00:01:E0,<e0010008 0000>,80001E0
200,00:00:08:00:01:E1,<e1010008 0000>,80001E1
200,00:00:08:00:01:E2,<e2010008 0000>,80001E2
200,00:00:08:00:01:E3,<e3010008 0000>,80001E3
200,00:00:08:00:01:E4,<e4010008 0000>,80001E4
200,00:00:08:00:01:E5,<e5010008 0000>,80001E5
200,00:00:08:00:01:E6,<e6010008 0000>,80001E6
200,00:00:08:00:01:E7,<e7010008 0000>,80001E7
200,00:00:08:00:01:E8,<e8010008 0000>,80001E8
200,00:00:08:00:01:E9,<e9010008 0000>,80001E9
200,00:00:08:00:01:EA,<ea010008 0000>,80001EA
200,00:00:08:00:01:EB,<eb010008 0000>,80001EB
200,00:00:08:00:01:EC,<ec010008 0000>,80001EC
200,00:00:08:00:01:ED,<ed010008 0000>,80001ED
200,00:00:08:00:01:EE,<ee010008 0000>,80001EE
200,00:00:08:00:01:EF,<ef010008 0000>,80001EF
200,00:00:08:00:01:F0,<f0010008 0000>,80001F0
200,00:00:08:00:01:F1,<f1010008 0000>,80001F1
200,00:00:08:00:01:F2,<f2010008 0000>,80001F2
200,00:00:08:00:01:F3,<f3010008 0000>,80001F3
200,00:00:08:00:01:F4,<f4010008 0000>,80001F4
200,00:00:08:00:01:F5,<f5010008 0000>,80001F5
200,00:00:08:00:01:F6,<f6010008 0000>,80001F6
200,00:00:08:00:01:F7,<f7010008 0000>,80001F7
200,00:00:08:00:01:F8,<f8010008 0000>,80001F8
200,00:00:08:00:01:F9,<f9010008 0000>,80001F9
200,00:00:08:00:01:FA,<fa010008 0000>,80001FA
200,00:00:08:00:01:FB,<fb010008 0000>,80001FB
200,00:00:08:00:01:FC,<fc010008 0000>,80001FC
200,00:00:08:00:01:FD,<fd010008 0000>,80001FD
200,00:00:08:00:01:FE,<fe010008 0000>,80001FE
200,00:00:08:00:01:FF,<ff010008 0000>,80001FF
200,00:00:08:00:02:00,<00020008 0000>,8000200
200,00:00:08:00:02:01,<01020008 0000>,8000201
200,00:00:08:00:02:02,<02020008 0000>,8000202
200,00:00:08:00:02:03,<03020008 0000>,8000203
200,00:00:08:00:02:04,<04020008 0000>,8000204
200,00:00:08:00:02:05,<05020008 0000>,8000205
200,00:00:08:00:02:06,<06020008 0000>,8000206
200,00:00:08:00:02:07,<07020008 0000>,8000207
200,00:00:08:00:02:08,<08020008 0000>,8000208
200,00:00:08:00:02:09,<09020008 0000>,8000209
200,00:00:08:00:02:0A,<0a020008 0000>,800020A
200,00:00:08:00:02:0B,<0b020008 0000>,800020B
200,00:00:08:00:02:0C,<0c020008 0000>,800020C
200,00:00:08:00:02:0D,<0d020008 0000>,800020D
200,00:00:08:00:02:0E,<0e020008 0000>,800020E
200,00:00:08:00:02:0F,<0f020008 0000>,800020F
200,00:00:08:00:02:10,<10020008 0000>,8000210
200,00:00:08:00:02:11,<11020008 0000>,8000211
200,00:00:08:00:02:12,<12020008 0000>,8000212
200,00:00:08:00:02:13,<13020008 0000>,8000213
200,00:00:08:00:02:14,<14020008 0000>,8000214
200,00:00:08:00:02:15,<15020008 0000>,8000215
200,00:00:08:00:02:16,<16020008 0000>,8000216
200,00:00:08:00:02:17,<17020008 0000>,8000217
200,00:00:08:00:02:18,<18020008 0000>,8000218
200,00:00:08:00:02:19,<19020008 0000>,8000219
200,00:00:08:00:02:1A,<1a020008 0000>,800021A
200,00:00:08:00:02:1B,<1b020008 0000>,800021B
200,00:00:08:00:02:1C,<1c020008 0000>,800021C
200,00:00:08:00:02:1D,<1d020008 0000>,800021D
200,00:00:08:00:02:1E,<1e020008 0000>,800021E
200,00:00:08:00:02:1F,<1f020008 0000>,800021F
200,00:00:08:00:02:20,<20020008 0000>,8000220
200,00:00:08:00:02:21,<21020008 0000>,8000221
200,00:00:08:00:02:22,<22020008 0000>,8000222
200,00:00:08:00:02:23,<23020008 0000>,8000223
200,00:00:08:00:02:24,<24020008 0000>,8000224
200,00:00:08:00:02:25,<25020008 0000>,8000225
200,00:00:08:00:02:26,<26020008 0000>,8000226
200,00:00:08:00:02:27,<27020008 0000>,8000227
200,00:00:08:00:02:28,<28020008 0000>,8000228
200,00:00:08:00:02:29,<29020008 0000>,8000229
200,00:00:08:00:02:2A,<2a020008 0000>,800022A
200,00:00:08:00:02:2B,<2b020008 0000>,800022B
200,00:00:08:00:02:2C,<2c020008 0000>,800022C
200,00:00:08:00:02:2D,<2d020008 0000>,800022D
200,00:00:08:00:02:2E,<2e020008 0000>,800022E
200,00:00:08:00:02:2F,<2f020008 0000>,800022F
200,00:00:08:00:02:30,<30020008 0000>,8000230
200,00:00:08:00:02:31,<31020008 0000>,8000231
200,00:00:08:00:02:32,<32020008 0000>,8000232
200,00:00:08:00:02:33,<33020008 0000>,8000233
200,00:00:08:00:02:34,<34020008 0000>,8000234
200,00:00:08:00:02:35,<35020008 0000>,8000235
200,00:00:08:00:02:36,<36020008 0000>,8000236
200,00:00:08:00:02:37,<37020008 0000>,8000237
200,00:00:08:00:02:38,<38020008 0000>,8000238
200,00:00:08:00:02:39,<39020008 0000>,8000239
200,00:00:08:00:02:3A,<3a020008 0000>,800023A
200,00:00:08:00:02:3B,<3b020008 0000>,800023B
200,00:00:08:00:02:3C,<3c020008 0000>,800023C
200,00:00:08:00:02:3D,<3d020008 0000>,800023D
200,00:00:08:00:02:3E,<3e020008 0000>,800023E
200,00:00:08:00:02:3F,<3f020008 0000>,800023F
200,00:00:08:00:02:40,<40020008 0000>,8000240
200,00:00:08:00:02:41,<41020008 0000>,8000241
200,00:00:08:00:02:42,<42020008 0000>,8000242
200,00:00:08:00:02:43,<43020008 0000>,8000243
200,00:00:08:00:02:44,<44020008 0000>,8000244
200,00:00:08:00:02:45,<45020008 0000>,8000245
200,00:00:08:00:02:46,<46020008 0000>,8000246
200,00:00:08:00:02:47,<47020008 0000>,8000247
200,00:00:08:00:02:48,<48020008 0000>,8000248
200,00:00:08:00:02:49,<49020008 0000>,8000249
200,00:00:08:00:02:4A,<4a020008 0000>,800024A
200,00:00:08:00:02:4B,<4b020008 0000>,800024B
200,00:00:08:00:02:4C,<4c020008 0000>,800024C
200,00:00:08:00:02:4D,<4d020008 0000>,800024D
200,00:00:08:00:02:4E,<4e020008 0000>,800024E
200,00:00:08:00:02:4F,<4f020008 0000>,800024F
200,00:00:08:00:02:50,<50020008 0000>,8000250
200,00:00:08:00:02:51,<51020008 0000>,8000251
200,00:00:08:00:02:52,<52020008 0000>,8000252
200,00:00:08:00:02:53,<53020008 0000>,8000253
200,00:00:08:00:02:54,<54020008 0000>,8000254
200,00:00:08:00:02:55,<55020008 0000>,8000255
200,00:00:08:00:02:56,<56020008 0000>,8000256
200,00:00:08:00:02:57,<57020008 0000>,8000257
200,00:00:08:00:02:58,<58020008 0000>,8000258
200,00:00:08:00:02:59,<59020008 0000>,8000259
200,00:00:08:00:02:5A,<5a020008 0000>,800025A
200,00:00:08:00:02:5B,<5b020008 0000>,800025B
200,00:00:08:00:02:5C,<5c020008 0000>,800025C
200,00:00:08:00:02:5D,<5d020008 0000>,800025D
200,00:00:08:00:02:5E,<5e020008 0000>,800025E
200,00:00:08:00:02:5F,<5f020008 0000>,800025F
200,00:00:08:00:02:60,<60020008 0000>,8000260
200,00:00:08:00:02:61,<61020008 0000>,8000261
200,00:00:08:00:02:62,<62020008 0000>,8000262
200,00:00:08:00:02:63,<63020008 0000>,8000263
200,00:00:08:00:02:64,<64020008 0000>,8000264
200,00:00:08:00:02:65,<65020008 0000>,8000265
200,00:00:08:00:02:66,<66020008 0000>,8000266
200,00:00:08:00:02:67,<67020008 0000>,8000267
200,00:00:08:00:02:68,<68020008 0000>,8000268
200,00:00:08:00:02:69,<69020008 0000>,8000269
200,00:00:08:00:02:6A,<6a020008 0000>,800026A
200,00:00:08:00:02:6B,<6b020008 0000>,800026B
200,00:00:08:00:02:6C,<6c020008 0000>,800026C
200,00:00:08:00:02:6D,<6d020008 0000>,800026D
200,00:00:08:00:02:6E,<6e020008 0000>,800026E
200,00:00:08:00:02:6F,<6f020008 0000>,800026F
200,00:00:08:00:02:70,<70020008 0000>,8000270
200,00:00:08:00:02:71,<71020008 0000>,8000271
200,00:00:08:00:02:72,<72020008 0000>,8000272
200,00:00:08:00:02:73,<73020008 0000>,8000273
200,00:00:08:00:02:74,<74020008 0000>,8000274
200,00:00:08:00:02:75,<75020008 0000>,8000275
200,00:00:08:00:02:76,<76020008 0000>,8000276
200,00:00:08:00:02:77,<77020008 0000>,8000277
200,00:00:08:00:02:78,<78020008 0000>,8000278
200,00:00:08:00:02:79,<79020008 0000>,8000279
200,00:00:08:00:02:7A,<7a020008 0000>,800027A
200,00:00:08:00:02:7B,<7b020008 0000>,800027B
200,00:00:08:00:02:7C,<7c020008 0000>,800027C
200,00:00:08:00:02:7D,<7d020008 0000>,800027D
200,00:00:08:00:02:7E,<7e020008 0000>,800027E
200,00:00:08:00:02:7F,<7f020008 0000>,800027F
200,00:00:08:00:02:80,<80020008 0000>,8000280
200,00:00:08:00:02:81,<81020008 0000>,8000281
200,00:00:08:00:02:82,<82020008 0000>,8000282
200,00:00:08:00:02:83,<83020008 0000>,8000283
200,00:00:08:00:02:84,<84020008 0000>,8000284
200,00:00:08:00:02:85,<85020008 0000>,8000285
200,00:00:08:00:02:86,<86020008 0000>,8000286
200,00:00:08:00:02:87,<87020008 0000>,8000287
200,00:00:08:00:02:88,<88020008 0000>,8000288
200,00:00:08:00:02:89,<89020008 0000>,8000289
200,00:00:08:00:02:8A,<8a020008 0000>,800028A
200,00:00:08:00:02:8B,<8b020008 0000>,800028B
200,00:00:08:00:02:8C,<8c020008 0000>,800028C
200,00:00:08:00:02:8D,<8d020008 0000>,800028D
200,00:00:08:00:02:8E,<8e020008 0000>,800028E
200,00:00:08:00:02:8F,<8f020008 0000>,800028F
200,00:00:08:00:02:90,<90020008 0000>,8000290
200,00:00:08:00:02:91,<91020008 0000>,8000291
200,00:00:08:00:02:92,<92020008 0000>,8000292
200,00:00:08:00:02:93,<93020008 0000>,8000293
200,00:00:08:00:02:94,<94020008 0000>,8000294
200,00:00:08:00:02:95,<95020008 0000>,8000295
200,00:00:08:00:02:96,<96020008 0000>,8000296
200,00:00:08:00:02:97,<97020008 0000>,8000297
200,00:00:08:00:02:98,<98020008 0000>,8000298
200,00:00:08:00:02:99,<99020008 0000>,8000299
200,00:00:08:00:02:9A,<9a020008 0000>,800029A
200,00:00:08:00:02:9B,<9b020008 0000>,800029B
200,00:00:08:00:02:9C,<9c020008 0000>,800029C
200,00:00:08:00:02:9D,<9d020008 0000>,800029D
200,00:00:08:00:02:9E,<9e020008 0000>,800029E
200,00:00:08:00:02:9F,<9f020008 0000>,800029F
200,00:00:08:00:02:A0,<a0020008 0000>,80002A0
200,00:00:08:00:02:A1,<a1020008 0000>,80002A1
200,00:00:08:00:02:A2,<a2020008 0000>,80002A2
200,00:00:08:00:02:A3,<a3020008 0000>,80002A3
200,00:00:08:00:02:A4,<a4020008 0000>,80002A4
200,00:00:08:00:02:A5,<a5020008 0000>,80002A5
200,00:00:08:00:02:A6,<a6020008 0000>,80002A6
200,00:00:08:00:02:A7,<a7020008 0000>,80002A7
200,00:00:08:00:02:A8,<a8020008 0000>,80002A8
200,00:00:08:00:02:A9,<a9020008 0000>,80002A9
200,00:00:08:00:02:AA,<aa020008 0000>,80002AA
200,00:00:08:00:02:AB,<ab020008 0000>,80002AB
200,00:00:08:00:02:AC,<ac020008 0000>,80002AC
200,00:00:08:00:02:AD,<ad020008 0000>,80002AD
200,00:00:08:00:02:AE,<ae020008 0000>,80002AE
200,00:00:08:00:02:AF,<af020008 0000>,80002AF
200,00:00:08:00:02:B0,<b0020008 0000>,80002B0
200,00:00:08:00:02:B1,<b1020008 0000>,80002B1
200,00:00:08:00:02:B2,<b2020008 0000>,80002B2
200,00:00:08:00:02:B3,<b3020008 0000>,80002B3
200,00:00:08:00:02:B4,<b4020008 0000>,80002B4
200,00:00:08:00:02:B5,<b5020008 0000>,80002B5
200,00:00:08:00:02:B6,<b6020008 0000>,80002B6
200,00:00:08:00:02:B7,<b7020008 0000>,80002B7
200,00:00:08:00:02:B8,<b8020008 0000>,80002B8
200,00:00:08:00:02:B9,<b9020008 0000>,80002B9
200,00:00:08:00:02:BA,<ba020008 0000>,80002BA
200,00:00:08:00:02:BB,<bb020008 0000>,80002BB
200,00:00:08:00:02:BC,<bc020008 0000>,80002BC
200,00:00:08:00:02:BD,<bd020008 0000>,80002BD
200,00:00:08:00:02:BE,<be020008 0000>,80002BE
200,00:00:08:00:02:BF,<bf020008 0000>,80002BF
200,00:00:08:00:02:C0,<c0020008 0000>,80002C0
200,00:00:08:00:02:C1,<c1020008 0000>,80002C1
200,00:00:08:00:02:C2,<c2020008 0000>,80002C2
200,00:00:08:00:02:C3,<c3020008 0000>,80002C3
200,00:00:08:00:02:C4,<c4020008 0000>,80002C4
200,00:00:08:00:02:C5,<c5020008 0000>,80002C5
200,00:00:08:00:02:C6,<c6020008 0000>,80002C6
200,00:00:08:00:02:C7,<c7020008 0000>,80002C7
200,00:00:08:00:02:C8,<c8020008 0000>,80002C8
200,00:00:08:00:02:C9,<c9020008 0000>,80002C9
200,00:00:08:00:02:CA,<ca020008 0000>,80002CA
200,00:00:08:00:02:CB,<cb020008 0000>,80002CB
200,00:00:08:00:02:CC,<cc020008 0000>,80002CC
200,00:00:08:00:02:CD,<cd020008 0000>,80002CD
200,00:00:08:00:02:CE,<ce020008 0000>,80002CE
200,00:00:08:00:02:CF,<cf020008 0000>,80002CF
200,00:00:08:00:02:D0,<d0020008 0000>,80002D0
200,00:00:08:00:02:D1,<d1020008 0000>,80002D1
200,00:00:08:00:02:D2,<d2020008 0000>,80002D2
200,00:00:08:00:02:D3,<d3020008 0000>,80002D3
200,00:00:08:00:02:D4,<d4020008 0000>,80002D4
200,00:00:08:00:02:D5,<d5020008 0000>,80002D5
200,00:00:08:00:02:D6,<d6020008 0000>,80002D6
200,00:00:08:00:02:D7,<d7020008 0000>,80002D7
200,00:00:08:00:02:D8,<d8020008 0000>,80002D8
200,00:00:08:00:02:D9,<d9020008 0000>,80002D9
200,00:00:08:00:02:DA,<da020008 0000>,80002DA
200,00:00:08:00:02:DB,<db020008 0000>,80002DB
200,00:00:08:00:02:DC,<dc020008 0000>,80002DC
200,00:00:08:00:02:DD,<dd020008 0000>,80002DD
200,00:00:08:00:02:DE,<de020008 0000>,80002DE
200,00:00:08:00:02:DF,<df020008 0000>,80002DF
200,00:00:08:00:02:E0,<e0020008 0000>,80002E0
200,00:00:08:00:02:E1,<e1020008 0000>,80002E1
200,00:00:08:00:02:E2,<e2020008 0000>,80002E2
200,00:00:08:00:02:E3,<e3020008 0000>,80002E3
200,00:00:08:00:02:E4,<e4020008 0000>,80002E4
200,00:00:08:00:02:E5,<e5020008 0000>,80002E5
200,00:00:08:00:02:E6,<e6020008 0000>,80002E6
200,00:00:08:00:02:E7,<e7020008 0000>,80002E7
200,00:00:08:00:02:E8,<e8020008 0000>,80002E8
200,00:00:08:00:02:E9,<e9020008 0000>,80002E9
200,00:00:08:00:02:EA,<ea020008 0000>,80002EA
200,00:00:08:00:02:EB,<eb020008 0000>,80002EB
200,00:00:08:00:02:EC,<ec020008 0000>,80002EC
200,00:00:08:00:02:ED,<ed020008 0000>,80002ED
200,00:00:08:00:02:EE,<ee020008 0000>,80002EE
200,00:00:08:00:02:EF,<ef020008 0000>,80002EF
200,00:00:08:00:02:F0,<f0020008 0000>,80002F0
200,00:00:08:00:02:F1,<f1020008 0000>,80002F1
200,00:00:08:00:02:F2,<f2020008 0000>,80002F2
200,00:00:08:00:02:F3,<f3020008 0000>,80002F3
200,00:00:08:00:02:F4,<f4020008 0000>,80002F4
200,00:00:08:00:02:F5,<f5020008 0000>,80002F5
200,00:00:08:00:02:F6,<f6020008 0000>,80002F6
200,00:00:08:00:02:F7,<f7020008 0000>,80002F7
200,00:00:08:00:02:F8,<f8020008 0000>,80002F8
200,00:00:08:00:02:F9,<f9020008 0000>,80002F9
200,00:00:08:00:02:FA,<fa020008 0000>,80002FA
200,00:00:08:00:02:FB,<fb020008 0000>,80002FB
200,00:00:08:00:02:FC,<fc020008 0000>,80002FC
200,00:00:08:00:02:FD,<fd020008 0000>,80002FD
200,00:00:08:00:02:FE,<fe020008 0000>,80002FE
200,00:00:08:00:02:FF,<ff020008 0000>,80002FF
200,00:00:08:00:03:00,<00030008 0000>,8000300
200,00:00:08:00:03:01,<01030008 0000>,8000301
200,00:00:08:00:03:02,<02030008 0000>,8000302
200,00:00:08:00:03:03,<03030008 0000>,8000303
200,00:00:08:00:03:04,<04030008 0000>,8000304
200,00:00:08:00:03:05,<05030008 0000>,8000305
200,00:00:08:00:03:06,<06030008 0000>,8000306
200,00:00:08:00:03:07,<07030008 0000>,8000307
200,00:00:08:00:03:08,<08030008 0000>,8000308
200,00:00:08:00:03:09,<09030008 0000>,8000309
200,00:00:08:00:03:0A,<0a030008 0000>,800030A
200,00:00:08:00:03:0B,<0b030008 0000>,800030B
200,00:00:08:00:03:0C,<0c030008 0000>,800030C
200,00:00:08:00:03:0D,<0d030008 0000>,800030D
200,00:00:08:00:03:0E,<0e030008 0000>,800030E
200,00:00:08:00:03:0F,<0f030008 0000>,800030F
200,00:00:08:00:03:10,<10030008 0000>,8000310
200,00:00:08:00:03:11,<11030008 0000>,8000311
200,00:00:08:00:03:12,<12030008 0000>,8000312
200,00:00:08:00:03:13,<13030008 0000>,8000313
200,00:00:08:00:03:14,<14030008 0000>,8000314
200,00:00:08:00:03:15,<15030008 0000>,8000315
200,00:00:08:00:03:16,<16030008 0000>,8000316
200,00:00:08:00:03:17,<17030008 0000>,8000317
200,00:00:08:00:03:18,<18030008 0000>,8000318
200,00:00:08:00:03:19,<19030008 0000>,8000319
200,00:00:08:00:03:1A,<1a030008 0000>,800031A
200,00:00:08:00:03:1B,<1b030008 0000>,800031B
200,00:00:08:00:03:1C,<1c030008 0000>,800031C
200,00:00:08:00:03:1D,<1d030008 0000>,800031D
200,00:00:08:00:03:1E,<1e030008 0000>,800031E
200,00:00:08:00:03:1F,<1f030008 0000>,800031F
200,00:00:08:00:03:20,<20030008 0000>,8000320
200,00:00:08:00:03:21,<21030008 0000>,8000321
200,00:00:08:00:03:22,<22030008 0000>,8000322
200,00:00:08:00:03:23,<23030008 0000>,8000323
200,00:00:08:00:03:24,<24030008 0000>,8000324
200,00:00:08:00:03:25,<25030008 0000>,8000325
200,00:00:08:00:03:26,<26030008 0000>,8000326
200,00:00:08:00:03:27,<27030008 0000>,8000327
200,00:00:08:00:03:28,<28030008 0000>,8000328
200,00:00:08:00:03:29,<29030008 0000>,8000329
200,00:00:08:00:03:2A,<2a030008 0000>,800032A
200,00:00:08:00:03:2B,<2b030008 0000>,800032B
200,00:00:08:00:03:2C,<2c030008 0000>,800032C
200,00:00:08:00:03:2D,<2d030008 0000>,800032D
200,00:00:08:00:03:2E,<2e030008 0000>,800032E
200,00:00:08:00:03:2F,<2f030008 0000>,800032F
200,00:00:08:00:03:30,<30030008 0000>,8000330
200,00:00:08:00:03:31,<31030008 0000>,8000331
200,00:00:08:00:03:32,<32030008 0000>,8000332
200,00:00:08:00:03:33,<33030008 0000>,8000333
200,00:00:08:00:03:34,<34030008 0000>,8000334
200,00:00:08:00:03:35,<35030008 0000>,8000335
200,00:00:08:00:03:36,<36030008 0000>,8000336
200,00:00:08:00:03:37,<37030008 0000>,8000337
200,00:00:08:00:03:38,<38030008 0000>,8000338
200,00:00:08:00:03:39,<39030008 0000>,8000339
200,00:00:08:00:03:3A,<3a030008 0000>,800033A
200,00:00:08:00:03:3B,<3b030008 0000>,800033B
200,00:00:08:00:03:3C,<3c030008 0000>,800033C
200,00:00:08:00:03:3D,<3d030008 0000>,800033D
200,00:00:08:00:03:3E,<3e030008 0000>,800033E
200,00:00:08:00:03:3F,<3f030008 0000>,800033F
200,00:00:08:00:03:40,<40030008 0000>,8000340
200,00:00:08:00:03:41,<41030008 0000>,8000341
200,00:00:08:00:03:42,<42030008 0000>,8000342
200,00:00:08:00:03:43,<43030008 0000>,8000343
200,00:00:08:00:03:44,<44030008 0000>,8000344
200,00:00:08:00:03:45,<45030008 0000>,8000345
200,00:00:08:00:03:46,<46030008 0000>,8000346
200,00:00:08:00:03:47,<47030008 0000>,8000347
200,00:00:08:00:03:48,<48030008 0000>,8000348
200,00:00:08:00:03:49,<49030008 0000>,8000349
200,00:00:08:00:03:4A,<4a030008 0000>,800034A
200,00:00:08:00:03:4B,<4b030008 0000>,800034B
200,00:00:08:00:03:4C,<4c030008 0000>,800034C
200,00:00:08:00:03:4D,<4d030008 0000>,800034D
200,00:00:08:00:03:4E,<4e030008 0000>,800034E
200,00:00:08:00:03:4F,<4f030008 0000>,800034F
200,00:00:08:00:03:50,<50030008 0000>,8000350
200,00:00:08:00:03:51,<51030008 0000>,8000351
200,00:00:08:00:03:52,<52030008 0000>,8000352
200,00:00:08:00:03:53,<53030008 0000>,8000353
200,00:00:08:00:03:54,<54030008 0000>,8000354
200,00:00:08:00:03:55,<55030008 0000>,8000355
200,00:00:08:00:03:56,<56030008 0000>,8000356
200,00:00:08:00:03:57,<57030008 0000>,8000357
200,00:00:08:00:03:58,<58030008 0000>,8000358
200,00:00:08:00:03:59,<59030008 0000>,8000359
200,00:00:08:00:03:5A,<5a030008 0000>,800035A
200,00:00:08:00:03:5B,<5b030008 0000>,800035B
200,00:00:08:00:03:5C,<5c030008 0000>,800035C
200,00:00:08:00:03:5D,<5d030008 0000>,800035D
200,00:00:08:00:03:5E,<5e030008 0000>,800035E
200,00:00:08:00:03:5F,<5f030008 0000>,800035F
200,00:00:08:00:03:60,<60030008 0000>,8000360
200,00:00:08:00:03:61,<61030008 0000>,8000361
200,00:00:08:00:03:62,<62030008 0000>,8000362
200,00:00:08:00:03:63,<63030008 0000>,8000363
200,00:00:08:00:03:64,<64030008 0000>,8000364
200,00:00:08:00:03:65,<65030008 0000>,8000365
200,00:00:08:00:03:66,<66030008 0000>,8000366
200,00:00:08:00:03:67,<67030008 0000>,8000367
200,00:00:08:00:03:68,<68030008 0000>,8000368
200,00:00:08:00:03:69,<69030008 0000>,8000369
200,00:00:08:00:03:6A,<6a030008 0000>,800036A
200,00:00:08:00:03:6B,<6b030008 0000>,800036B
200,00:00:08:00:03:6C,<6c030008 0000>,800036C
200,00:00:08:00:03:6D,<6d030008 0000>,800036D
200,00:00:08:00:03:6E,<6e030008 0000>,800036E
200,00:00:08:00:03:6F,<6f030008 0000>,800036F
200,00:00:08:00:03:70,<70030008 0000>,8000370
200,00:00:08:00:03:71,<71030008 0000>,8000371
200,00:00:08:00:03:72,<72030008 0000>,8000372
200,00:00:08:00:03:73,<73030008 0000>,8000373
200,00:00:08:00:03:74,<74030008 0000>,8000374
200,00:00:08:00:03:75,<75030008 0000>,8000375
200,00:00:08:00:03:76,<76030008 0000>,8000376
200,00:00:08:00:03:77,<77030008 0000>,8000377
200,00:00:08:00:03:78,<78030008 0000>,8000378
200,00:00:08:00:03:79,<79030008 0000>,8000379
200,00:00:08:00:03:7A,<7a030008 0000>,800037A
200,00:00:08:00:03:7B,<7b030008 0000>,800037B
200,00:00:08:00:03:7C,<7c030008 0000>,800037C
200,00:00:08:00:03:7D,<7d030008 0000>,800037D
200,00:00:08:00:03:7E,<7e030008 0000>,800037E
200,00:00:08:00:03:7F,<7f030008 0000>,800037F
200,00:00:08:00:03:80,<80030008 0000>,8000380
200,00:00:08:00:03:81,<81030008 0000>,8000381
200,00:00:08:00:03:82,<82030008 0000>,8000382
200,00:00:08:00:03:83,<83030008 0000>,8000383
200,00:00:08:00:03:84,<84030008 0000>,8000384
200,00:00:08:00:03:85,<85030008 0000>,8000385
200,00:00:08:00:03:86,<86030008 0000>,8000386
200,00:00:08:00:03:87,<87030008 0000>,8000387
200,00:00:08:00:03:88,<88030008 0000>,8000388
200,00:00:08:00:03:89,<89030008 0000>,8000389
200,00:00:08:00:03:8A,<8a030008 0000>,800038A
200,00:00:08:00:03:8B,<8b030008 0000>,800038B
200,00:00:08:00:03:8C,<8c030008 0000>,800038C
200,00:00:08:00:03:8D,<8d030008 0000>,800038D
200,00:00:08:00:03:8E,<8e030008 0000>,800038E
200,00:00:08:00:03:8F,<8f030008 0000>,800038F
200,00:00:08:00:03:90,<90030008 0000>,8000390
200,00:00:08:00:03:91,<91030008 0000>,8000391
200,00:00:08:00:03:92,<92030008 0000>,8000392
200,00:00:08:00:03:93,<93030008 0000>,8000393
200,00:00:08:00:03:94,<94030008 0000>,8000394
200,00:00:08:00:03:95,<95030008 0000>,8000395
200,00:00:08:00:03:96,<96030008 0000>,8000396
200,00:00:08:00:03:97,<97030008 0000>,8000397
200,00:00:08:00:03:98,<98030008 0000>,8000398
200,00:00:08:00:03:99,<99030008 0000>,8000399
200,00:00:08:00:03:9A,<9a030008 0000>,800039A
200,00:00:08:00:03:9B,<9b030008 0000>,800039B
200,00:00:08:00:03:9C,<9c030008 0000>,800039C
200,00:00:08:00:03:9D,<9d030008 0000>,800039D
200,00:00:08:00:03:9E,<9e030008 0000>,800039E
200,00:00:08:00:03:9F,<9f030008 0000>,800039F
200,00:00:08:00:03:A0,<a0030008 0000>,80003A0
200,00:00:08:00:03:A1,<a1030008 0000>,80003A1
200,00:00:08:00:03:A2,<a2030008 0000>,80003A2
200,00:00:08:00:03:A3,<a3030008 0000>,80003A3
200,00:00:08:00:03:A4,<a4030008 0000>,80003A4
200,00:00:08:00:03:A5,<a5030008 0000>,80003A5
200,00:00:08:00:03:A6,<a6030008 0000>,80003A6
200,00:00:08:00:03:A7,<a7030008 0000>,80003A7
200,00:00:08:00:03:A8,<a8030008 0000>,80003A8
200,00:00:08:00:03:A9,<a9030008 0000>,80003A9
200,00:00:08:00:03:AA,<aa030008 0000>,80003AA
200,00:00:08:00:03:AB,<ab030008 0000>,80003AB
200,00:00:08:00:03:AC,<ac030008 0000>,80003AC
200,00:00:08:00:03:AD,<ad030008 0000>,80003AD
200,00:00:08:00:03:AE,<ae030008 0000>,80003AE
200,00:00:08:00:03:AF,<af030008 0000>,80003AF
200,00:00:08:00:03:B0,<b0030008 0000>,80003B0
200,00:00:08:00:03:B1,<b1030008 0000>,80003B1
200,00:00:08:00:03:B2,<b2030008 0000>,80003B2
200,00:00:08:00:03:B3,<b3030008 0000>,80003B3
200,00:00:08:00:03:B4,<b4030008 0000>,80003B4
200,00:00:08:00:03:B5,<b5030008 0000>,80003B5
200,00:00:08:00:03:B6,<b6030008 0000>,80003B6
200,00:00:08:00:03:B7,<b7030008 0000>,80003B7
200,00:00:08:00:03:B8,<b8030008 0000>,80003B8
200,00:00:08:00:03:B9,<b9030008 0000>,80003B9
200,00:00:08:00:03:BA,<ba030008 0000>,80003BA
200,00:00:08:00:03:BB,<bb030008 0000>,80003BB
200,00:00:08:00:03:BC,<bc030008 0000>,80003BC
200,00:00:08:00:03:BD,<bd030008 0000>,80003BD
200,00:00:08:00:03:BE,<be030008 0000>,80003BE
200,00:00:08:00:03:BF,<bf030008 0000>,80003BF
200,00:00:08:00:03:C0,<c0030008 0000>,80003C0
200,00:00:08:00:03:C1,<c1030008 0000>,80003C1
200,00:00:08:00:03:C2,<c2030008 0000>,80003C2
200,00:00:08:00:03:C3,<c3030008 0000>,80003C3
200,00:00:08:00:03:C4,<c4030008 0000>,80003C4
200,00:00:08:00:03:C5,<c5030008 0000>,80003C5
200,00:00:08:00:03:C6,<c6030008 0000>,80003C6
200,00:00:08:00:03:C7,<c7030008 0000>,80003C7
200,00:00:08:00:03:C8,<c8030008 0000>,80003C8
200,00:00:08:00:03:C9,<c9030008 0000>,80003C9
200,00:00:08:00:03:CA,<ca030008 0000>,80003CA
200,00:00:08:00:03:CB,<cb030008 0000>,80003CB
200,00:00:08:00:03:CC,<cc030008 0000>,80003CC
200,00:00:08:00:03:CD,<cd030008 0000>,80003CD
200,00:00:08:00:03:CE,<ce030008 0000>,80003CE
200,00:00:08:00:03:CF,<cf030008 0000>,80003CF
200,00:00:08:00:03:D0,<d0030008 0000>,80003D0
200,00:00:08:00:03:D1,<d1030008 0000>,80003D1
200,00:00:08:00:03:D2,<d2030008 0000>,80003D2
200,00:00:08:00:03:D3,<d3030008 0000>,80003D3
200,00:00:08:00:03:D4,<d4030008 0000>,80003D4
200,00:00:08:00:03:D5,<d5030008 0000>,80003D5
200,00:00:08:00:03:D6,<d6030008 0000>,80003D6
200,00:00:08:00:03:D7,<d7030008 0000>,80003D7
200,00:00:08:00:03:D8,<d8030008 0000>,80003D8
200,00:00:08:00:03:D9,<d9030008 0000>,80003D9
200,00:00:08:00:03:DA,<da030008 0000>,80003DA
200,00:00:08:00:03:DB,<db030008 0000>,80003DB
200,00:00:08:00:03:DC,<dc030008 0000>,80003DC
200,00:00:08:00:03:DD,<dd030008 0000>,80003DD
200,00:00:08:00:03:DE,<de030008 0000>,80003DE
200,00:00:08:00:03:DF,<df030008 0000>,80003DF
200,00:00:08:00:03:E0,<e0030008 0000>,80003E0
200,00:00:08:00:03:E1,<e1030008 0000>,80003E1
200,00:00:08:00:03:E2,<e2030008 0000>,80003E2
200,00:00:08:00:03:E3,<e3030008 0000>,80003E3
200,00:00:08:00:03:E4,<e4030008 0000>,80003E4
200,00:00:08:00:03:E5,<e5030008 0000>,80003E5
200,00:00:08:00:03:E6,<e6030008 0000>,80003E6
200,00:00:08:00:03:E7,<e7030008 0000>,80003E7
200,00:00:08:00:03:E8,<e8030008 0000>,80003E8
200,00:00:08:00:03:E9,<e9030008 0000>,80003E9
200,00:00:08:00:03:EA,<ea030008 0000>,80003EA
200,00:00:08:00:03:EB,<eb030008 0000>,80003EB
200,00:00:08:00:03:EC,<ec030008 0000>,80003EC
200,00:00:08:00:03:ED,<ed030008 0000>,80003ED
200,00:00:08:00:03:EE,<ee030008 0000>,80003EE
200,00:00:08:00:03:EF,<ef030008 0000>,80003EF
200,00:00:08:00:03:F0,<f0030008 0000>,80003F0
200,00:00:08:00:03:F1,<f1030008 0000>,80003F1
200,00:00:08:00:03:F2,<f2030008 0000>,80003F2
200,00:00:08:00:03:F3,<f3030008 0000>,80003F3
200,00:00:08:00:03:F4,<f4030008 0000>,80003F4
200,00:00:08:00:03:F5,<f5030008 0000>,80003F5
200,00:00:08:00:03:F6,<f6030008 0000>,80003F6
200,00:00:08:00:03:F7,<f7030008 0000>,80003F7
200,00:00:08:00:03:F8,<f8030008 0000>,80003F8
200,00:00:08:00:03:F9,<f9030008 0000>,80003F9
200,00:00:08:00:03:FA,<fa030008 0000>,80003FA
200,00:00:08:00:03:FB,<fb030008 0000>,80003FB
200,00:00:08:00:03:FC,<fc030008 0000>,80003FC
200,00:00:08:00:03:FD,<fd030008 0000>,80003FD
200,00:00:08:00:03:FE,<fe030008 0000>,80003FE
200,00:00:08:00:03:FF,<ff030008 0000>,80003FF
200,00:00:08:00:04:00,<00040008 0000>,8000400
200,00:00:08:00:04:01,<01040008 0000>,8000401
200,00:00:08:00:04:02,<02040008 0000>,8000402
200,00:00:08:00:04:03,<03040008 0000>,8000403
200,00:00:08:00:04:04,<04040008 0000>,8000404
200,00:00:08:00:04:05,<05040008 0000>,8000405
200,00:00:08:00:04:06,<06040008 0000>,8000406
200,00:00:08:00:04:07,<07040008 0000>,8000407
200,00:00:08:00:04:08,<08040008 0000>,8000408
200,00:00:08:00:04:09,<09040008 0000>,8000409
200,00:00:08:00:04:0A,<0a040008 0000>,800040A
200,00:00:08:00:04:0B,<0b040008 0000>,800040B
200,00:00:08:00:04:0C,<0c040008 0000>,800040C
200,00:00:08:00:04:0D,<0d040008 0000>,800040D
200,00:00:08:00:04:0E,<0e040008 0000>,800040E
200,00:00:08:00:04:0F,<0f040008 0000>,800040F
200,00:00:08:00:04:10,<10040008 0000>,8000410
200,00:00:08:00:04:11,<11040008 0000>,8000411
200,00:00:08:00:04:12,<12040008 0000>,8000412
200,00:00:08:00:04:13,<13040008 0000>,8000413
200,00:00:08:00:04:14,<14040008 0000>,8000414
200,00:00:08:00:04:15,<15040008 0000>,8000415
200,00:00:08:00:04:16,<16040008 0000>,8000416
200,00:00:08:00:04:17,<17040008 0000>,8000417
200,00:00:08:00:04:18,<18040008 0000>,8000418
200,00:00:08:00:04:19,<19040008 0000>,8000419
200,00:00:08:00:04:1A,<1a040008 0000>,800041A
200,00:00:08:00:04:1B,<1b040008 0000>,800041B
200,00:00:08:00:04:1C,<1c040008 0000>,800041C
200,00:00:08:00:04:1D,<1d040008 0000>,800041D
200,00:00:08:00:04:1E,<1e040008 0000>,800041E
200,00:00:08:00:04:1F,<1f040008 0000>,800041F
200,00:00:08:00:04:20,<20040008 0000>,8000420
200,00:00:08:00:04:21,<21040008 0000>,8000421
200,00:00:08:00:04:22,<22040008 0000>,8000422
200,00:00:08:00:04:23,<23040008 0000>,8000423
200,00:00:08:00:04:24,<24040008 0000>,8000424
200,00:00:08:00:04:25,<25040008 0000>,8000425
200,00:00:08:00:04:26,<26040008 0000>,8000426
200,00:00:08:00:04:27,<27040008 0000>,8000427
200,00:00:08:00:04:28,<28040008 0000>,8000428
200,00:00:08:00:04:29,<29040008 0000>,8000429
200,00:00:08:00:04:2A,<2a040008 0000>,800042A
200,00:00:08:00:04:2B,<2b040008 0000>,800042B
200,00:00:08:00:04:2C,<2c040008 0000>,800042C
200,00:00:08:00:04:2D,<2d040008 0000>,800042D
200,00:00:08:00:04:2E,<2e040008 0000>,800042E
200,00:00:08:00:04:2F,<2f040008 0000>,800042F
200,00:00:08:00:04:30,<30040008 0000>,8000430
200,00:00:08:00:04:31,<31040008 0000>,8000431
200,00:00:08:00:04:32,<32040008 0000>,8000432
200,00:00:08:00:04:33,<33040008 0000>,8000433
200,00:00:08:00:04:34,<34040008 0000>,8000434
200,00:00:08:00:04:35,<35040008 0000>,8000435
200,00:00:08:00:04:36,<36040008 0000>,8000436
200,00:00:08:00:04:37,<37040008 0000>,8000437
200,00:00:08:00:04:38,<38040008 0000>,8000438
200,00:00:08:00:04:39,<39040008 0000>,8000439
200,00:00:08:00:04:3A,<3a040008 0000>,800043A
200,00:00:08:00:04:3B,<3b040008 0000>,800043B
200,00:00:08:00:04:3C,<3c040008 0000>,800043C
200,00:00:08:00:04:3D,<3d040008 0000>,800043D
200,00:00:08:00:04:3E,<3e040008 0000>,800043E
200,00:00:08:00:04:3F,<3f040008 0000>,800043F
200,00:00:08:00:04:40,<40040008 0000>,8000440
200,00:00:08:00:04:41,<41040008 0000>,8000441
200,00:00:08:00:04:42,<42040008 0000>,8000442
200,00:00:08:00:04:43,<43040008 0000>,8000443
200,00:00:08:00:04:44,<44040008 0000>,8000444
200,00:00:08:00:04:45,<45040008 0000>,8000445
200,00:00:08:00:04:46,<46040008 0000>,8000446
200,00:00:08:00:04:47,<47040008 0000>,8000447
200,00:00:08:00:04:48,<48040008 0000>,8000448
200,00:00:08:00:04:49,<49040008 0000>,8000449
200,00:00:08:00:04:4A,<4a040008 0000>,800044A
200,00:00:08:00:04:4B,<4b040008 0000>,800044B
200,00:00:08:00:04:4C,<4c040008 0000>,800044C
200,00:00:08:00:04:4D,<4d040008 0000>,800044D
200,00:00:08:00:04:4E,<4e040008 0000>,800044E
200,00:00:08:00:04:4F,<4f040008 0000>,800044F
200,00:00:08:00:04:50,<50040008 0000>,8000450
200,00:00:08:00:04:51,<51040008 0000>,8000451
200,00:00:08:00:04:52,<52040008 0000>,8000452
200,00:00:08:00:04:53,<53040008 0000>,8000453
200,00:00:08:00:04:54,<54040008 0000>,8000454
200,00:00:08:00:04:55,<55040008 0000>,8000455
200,00:00:08:00:04:56,<56040008 0000>,8000456
200,00:00:08:00:04:57,<57040008 0000>,8000457
200,00:00:08:00:04:58,<58040008 0000>,8000458
200,00:00:08:00:04:59,<59040008 0000>,8000459
200,00:00:08:00:04:5A,<5a040008 0000>,800045A
200,00:00:08:00:04:5B,<5b040008 0000>,800045B
200,00:00:08:00:04:5C,<5c040008 0000>,800045C
200,00:00:08:00:04:5D,<5d040008 0000>,800045D
200,00:00:08:00:04:5E,<5e040008 0000>,800045E
200,00:00:08:00:04:5F,<5f040008 0000>,800045F
200,00:00:08:00:04:60,<60040008 0000>,8000460
200,00:00:08:00:04:61,<61040008 0000>,8000461
200,00:00:08:00:04:62,<62040008 0000>,8000462
200,00:00:08:00:04:63,<63040008 0000>,8000463
200,00:00:08:00:04:64,<64040008 0000>,8000464
200,00:00:08:00:04:65,<65040008 0000>,8000465
200,00:00:08:00:04:66,<66040008 0000>,8000466
200,00:00:08:00:04:67,<67040008 0000>,8000467
200,00:00:08:00:04:68,<68040008 0000>,8000468
200,00:00:08:00:04:69,<69040008 0000>,8000469
200,00:00:08:00:04:6A,<6a040008 0000>,800046A
200,00:00:08:00:04:6B,<6b040008 0000>,800046B
200,00:00:08:00:04:6C,<6c040008 0000>,800046C
200,00:00:08:00:04:6D,<6d040008 0000>,800046D
200,00:00:08:00:04:6E,<6e040008 0000>,800046E
200,00:00:08:00:04:6F,<6f040008 0000>,800046F
200,00:00:08:00:04:70,<70040008 0000>,8000470
200,00:00:08:00:04:71,<71040008 0000>,8000471
200,00:00:08:00:04:72,<72040008 0000>,8000472
200,00:00:08:00:04:73,<73040008 0000>,8000473
200,00:00:08:00:04:74,<74040008 0000>,8000474
200,00:00:08:00:04:75,<75040008 0000>,8000475
200,00:00:08:00:04:76,<76040008 0000>,8000476
200,00:00:08:00:04:77,<77040008 0000>,8000477
200,00:00:08:00:04:78,<78040008 0000>,8000478
200,00:00:08:00:04:79,<79040008 0000>,8000479
200,00:00:08:00:04:7A,<7a040008 0000>,800047A
200,00:00:08:00:04:7B,<7b040008 0000>,800047B
200,00:00:08:00:04:7C,<7c040008 0000>,800047C
200,00:00:08:00:04:7D,<7d040008 0000>,800047D
200,00:00:08:00:04:7E,<7e040008 0000>,800047E
200,00:00:08:00:04:7F,<7f040008 0000>,800047F
200,00:00:08:00:04:80,<80040008 0000>,8000480
200,00:00:08:00:04:81,<81040008 0000>,8000481
200,00:00:08:00:04:82,<82040008 0000>,8000482
200,00:00:08:00:04:83,<83040008 0000>,8000483
200,00:00:08:00:04:84,<84040008 0000>,8000484
200,00:00:08:00:04:85,<85040008 0000>,8000485
